"","날짜","충전량_합","T_1","T_2","T_3","T_4","T_5","T_6","T_7","T_8","T_9","T_10","T_11","T_12","T_456"
"1","2021-01-01 13:00",1139.55,-1.8,-3.4,-6.2,-8.3,-8.6,-8.6,-9.4,-9.6,-9,-8.4,-8.3,-7.7,-8.5
"2","2021-01-01 14:00",1092.77,-0.2,-1.8,-3.4,-6.2,-8.3,-8.6,-8.6,-9.4,-9.6,-9,-8.4,-8.3,-7.7
"3","2021-01-01 15:00",1491.58,0.4,-0.2,-1.8,-3.4,-6.2,-8.3,-8.6,-8.6,-9.4,-9.6,-9,-8.4,-6
"4","2021-01-01 16:00",1267.93,0.3,0.4,-0.2,-1.8,-3.4,-6.2,-8.3,-8.6,-8.6,-9.4,-9.6,-9,-3.8
"5","2021-01-02 13:00",1020.54,-3.5,-4.3,-5.9,-0.9,-0.5,0.1,0.3,0.4,-0.2,-1.8,-3.4,-6.2,-0.4
"6","2021-01-02 14:00",1522.52,-2.3,-3.5,-4.3,-5.9,-0.9,-0.5,0.1,0.3,0.4,-0.2,-1.8,-3.4,-2.4
"7","2021-01-02 15:00",1526.92,-1.4,-2.3,-3.5,-4.3,-5.9,-0.9,-0.5,0.1,0.3,0.4,-0.2,-1.8,-3.7
"8","2021-01-02 16:00",1451.51,-1.2,-1.4,-2.3,-3.5,-4.3,-5.9,-0.9,-0.5,0.1,0.3,0.4,-0.2,-4.6
"9","2021-01-03 13:00",1265.28,-2.9,-3.8,-5.7,-7,-8.4,-8.5,-7.8,-7.5,-7.4,-7.3,-7.1,-6.6,-8
"10","2021-01-03 14:00",1756.61,-2.2,-2.9,-3.8,-5.7,-7,-8.4,-8.5,-7.8,-7.5,-7.4,-7.3,-7.1,-7
"11","2021-01-03 15:00",1818.83,-1.7,-2.2,-2.9,-3.8,-5.7,-7,-8.4,-8.5,-7.8,-7.5,-7.4,-7.3,-5.5
"12","2021-01-03 16:00",1130.52,-1.9,-1.7,-2.2,-2.9,-3.8,-5.7,-7,-8.4,-8.5,-7.8,-7.5,-7.4,-4.1
"13","2021-01-04 13:00",1570.24,-1.9,-3.5,-5.5,-6.8,-7.5,-7.5,-7.6,-7.5,-7.1,-6.6,-5.9,-5.2,-7.3
"14","2021-01-04 14:00",1181.83,-0.9,-1.9,-3.5,-5.5,-6.8,-7.5,-7.5,-7.6,-7.5,-7.1,-6.6,-5.9,-6.6
"15","2021-01-04 15:00",1526.256,-0.6,-0.9,-1.9,-3.5,-5.5,-6.8,-7.5,-7.5,-7.6,-7.5,-7.1,-6.6,-5.3
"16","2021-01-04 16:00",1471.81,-0.3,-0.6,-0.9,-1.9,-3.5,-5.5,-6.8,-7.5,-7.5,-7.6,-7.5,-7.1,-3.6
"17","2021-01-05 13:00",1183.99,-3.9,-4.1,-5,-5.4,-5.2,-4.3,-3.8,-3.3,-2.2,-2.5,-2.7,-2.7,-5
"18","2021-01-05 14:00",1167.46,-3.8,-3.9,-4.1,-5,-5.4,-5.2,-4.3,-3.8,-3.3,-2.2,-2.5,-2.7,-5.2
"19","2021-01-05 15:00",1441.95,-3.7,-3.8,-3.9,-4.1,-5,-5.4,-5.2,-4.3,-3.8,-3.3,-2.2,-2.5,-4.8
"20","2021-01-05 16:00",1251.39,-3.7,-3.7,-3.8,-3.9,-4.1,-5,-5.4,-5.2,-4.3,-3.8,-3.3,-2.2,-4.3
"21","2021-01-06 13:00",1411.99,-5.8,-6.7,-8.7,-10.2,-11.2,-11.1,-10.6,-10.5,-10.1,-9.9,-9.5,-9.2,-10.8
"22","2021-01-06 14:00",1446.73,-4.3,-5.8,-6.7,-8.7,-10.2,-11.2,-11.1,-10.6,-10.5,-10.1,-9.9,-9.5,-10
"23","2021-01-06 15:00",1332.58,-3.9,-4.3,-5.8,-6.7,-8.7,-10.2,-11.2,-11.1,-10.6,-10.5,-10.1,-9.9,-8.5
"24","2021-01-06 16:00",1741.38,-3.1,-3.9,-4.3,-5.8,-6.7,-8.7,-10.2,-11.2,-11.1,-10.6,-10.5,-10.1,-7.1
"25","2021-01-07 13:00",1199.54,-13.8,-14.7,-15.7,-16.3,-16.4,-16,-15.5,-14.8,-14.1,-13,-11.1,-10,-16.2
"26","2021-01-07 14:00",1340.7,-12.8,-13.8,-14.7,-15.7,-16.3,-16.4,-16,-15.5,-14.8,-14.1,-13,-11.1,-16.1
"27","2021-01-07 15:00",1331.44,-12.3,-12.8,-13.8,-14.7,-15.7,-16.3,-16.4,-16,-15.5,-14.8,-14.1,-13,-15.6
"28","2021-01-07 16:00",1415.19,-11.9,-12.3,-12.8,-13.8,-14.7,-15.7,-16.3,-16.4,-16,-15.5,-14.8,-14.1,-14.7
"29","2021-01-08 13:00",1295.04,-13,-15.3,-16.5,-17.8,-18,-18,-17.4,-17.4,-17.3,-17,-16.6,-16.2,-17.9
"30","2021-01-08 14:00",1448.12,-12.5,-13,-15.3,-16.5,-17.8,-18,-18,-17.4,-17.4,-17.3,-17,-16.6,-17.4
"31","2021-01-08 15:00",1200.16,-11.2,-12.5,-13,-15.3,-16.5,-17.8,-18,-18,-17.4,-17.4,-17.3,-17,-16.5
"32","2021-01-08 16:00",1399.49,-10.9,-11.2,-12.5,-13,-15.3,-16.5,-17.8,-18,-18,-17.4,-17.4,-17.3,-14.9
"33","2021-01-09 13:00",1372.658,-10.1,-11,-13.4,-15.3,-15.6,-15.5,-15.2,-15,-14.8,-15.6,-15.8,-15.4,-15.5
"34","2021-01-09 14:00",1527.43,-8.9,-10.1,-11,-13.4,-15.3,-15.6,-15.5,-15.2,-15,-14.8,-15.6,-15.8,-14.8
"35","2021-01-09 15:00",1749.92,-8.6,-8.9,-10.1,-11,-13.4,-15.3,-15.6,-15.5,-15.2,-15,-14.8,-15.6,-13.2
"36","2021-01-09 16:00",1839.32,-8.1,-8.6,-8.9,-10.1,-11,-13.4,-15.3,-15.6,-15.5,-15.2,-15,-14.8,-11.5
"37","2021-01-10 13:00",1388.16,-6.4,-8.6,-10.9,-13.1,-14.2,-13.6,-13.3,-12.4,-12.8,-13.2,-13.1,-12.3,-13.6
"38","2021-01-10 14:00",1680.05,-4.9,-6.4,-8.6,-10.9,-13.1,-14.2,-13.6,-13.3,-12.4,-12.8,-13.2,-13.1,-12.7
"39","2021-01-10 15:00",1769.71,-4.6,-4.9,-6.4,-8.6,-10.9,-13.1,-14.2,-13.6,-13.3,-12.4,-12.8,-13.2,-10.9
"40","2021-01-10 16:00",1663.07,-4.2,-4.6,-4.9,-6.4,-8.6,-10.9,-13.1,-14.2,-13.6,-13.3,-12.4,-12.8,-8.6
"41","2021-01-11 13:00",1565.94,-6.3,-6.7,-7.6,-8.3,-9.7,-10,-10.4,-9.9,-8.7,-7.8,-7.3,-6.8,-9.3
"42","2021-01-11 14:00",1371.61,-5.5,-6.3,-6.7,-7.6,-8.3,-9.7,-10,-10.4,-9.9,-8.7,-7.8,-7.3,-8.5
"43","2021-01-11 15:00",1388.03,-4.9,-5.5,-6.3,-6.7,-7.6,-8.3,-9.7,-10,-10.4,-9.9,-8.7,-7.8,-7.5
"44","2021-01-11 16:00",1727.99,-4.4,-4.9,-5.5,-6.3,-6.7,-7.6,-8.3,-9.7,-10,-10.4,-9.9,-8.7,-6.9
"45","2021-01-12 13:00",1252.8,-2.6,-5,-6.9,-8.1,-9.1,-9.1,-9,-8.8,-8.3,-7.8,-7.3,-6.5,-8.8
"46","2021-01-12 14:00",1331.55,-1,-2.6,-5,-6.9,-8.1,-9.1,-9.1,-9,-8.8,-8.3,-7.8,-7.3,-8
"47","2021-01-12 15:00",1082.06,-0.5,-1,-2.6,-5,-6.9,-8.1,-9.1,-9.1,-9,-8.8,-8.3,-7.8,-6.7
"48","2021-01-12 16:00",1439.48,0.1,-0.5,-1,-2.6,-5,-6.9,-8.1,-9.1,-9.1,-9,-8.8,-8.3,-4.8
"49","2021-01-13 13:00",1080.64,3.3,1,-1.2,-2.6,-3,-3.3,-3.1,-3.5,-3.3,-3,-2.8,-3,-3
"50","2021-01-13 14:00",1028.98,5.7,3.3,1,-1.2,-2.6,-3,-3.3,-3.1,-3.5,-3.3,-3,-2.8,-2.3
"51","2021-01-13 15:00",1202.07,7.7,5.7,3.3,1,-1.2,-2.6,-3,-3.3,-3.1,-3.5,-3.3,-3,-0.9
"52","2021-01-13 16:00",1342.6,8.3,7.7,5.7,3.3,1,-1.2,-2.6,-3,-3.3,-3.1,-3.5,-3.3,1
"53","2021-01-14 13:00",868.54,2.7,1,-1.2,-3.2,-2.9,-2.1,-1.7,-1.5,-1.6,-0.7,0.2,0.9,-2.7
"54","2021-01-14 14:00",1156.88,4.4,2.7,1,-1.2,-3.2,-2.9,-2.1,-1.7,-1.5,-1.6,-0.7,0.2,-2.4
"55","2021-01-14 15:00",1222.31,5.4,4.4,2.7,1,-1.2,-3.2,-2.9,-2.1,-1.7,-1.5,-1.6,-0.7,-1.1
"56","2021-01-14 16:00",1077.23,6.2,5.4,4.4,2.7,1,-1.2,-3.2,-2.9,-2.1,-1.7,-1.5,-1.6,0.8
"57","2021-01-15 13:00",1593.06,10.4,9.2,5.7,4.5,4,3.4,3.3,2.7,2.1,1.7,1.3,1.2,4
"58","2021-01-15 14:00",1168.64,10.6,10.4,9.2,5.7,4.5,4,3.4,3.3,2.7,2.1,1.7,1.3,4.7
"59","2021-01-15 15:00",1336.87,10.5,10.6,10.4,9.2,5.7,4.5,4,3.4,3.3,2.7,2.1,1.7,6.5
"60","2021-01-15 16:00",950.85,9.4,10.5,10.6,10.4,9.2,5.7,4.5,4,3.4,3.3,2.7,2.1,8.4
"61","2021-01-16 13:00",1342.16,-3.4,-4.6,-5.8,-6.1,-5.9,-5.4,-4.8,-4.2,-3.5,-2.7,-1.9,-1.2,-5.8
"62","2021-01-16 14:00",1496.37,-2.7,-3.4,-4.6,-5.8,-6.1,-5.9,-5.4,-4.8,-4.2,-3.5,-2.7,-1.9,-5.9
"63","2021-01-16 15:00",1222.07,-2,-2.7,-3.4,-4.6,-5.8,-6.1,-5.9,-5.4,-4.8,-4.2,-3.5,-2.7,-5.5
"64","2021-01-16 16:00",1457.769,-1.9,-2,-2.7,-3.4,-4.6,-5.8,-6.1,-5.9,-5.4,-4.8,-4.2,-3.5,-4.6
"65","2021-01-17 13:00",1929.617,-4.7,-5.9,-8.4,-9.1,-9.1,-8.9,-8.8,-8.8,-8.7,-8.7,-8.7,-8.5,-9
"66","2021-01-17 14:00",1530.08,-3.6,-4.7,-5.9,-8.4,-9.1,-9.1,-8.9,-8.8,-8.8,-8.7,-8.7,-8.7,-8.9
"67","2021-01-17 15:00",1981.08,-3.3,-3.6,-4.7,-5.9,-8.4,-9.1,-9.1,-8.9,-8.8,-8.8,-8.7,-8.7,-7.8
"68","2021-01-17 16:00",1856.35,-2.1,-3.3,-3.6,-4.7,-5.9,-8.4,-9.1,-9.1,-8.9,-8.8,-8.8,-8.7,-6.3
"69","2021-01-18 13:00",1499.44,-0.8,-1.6,-1.4,-2.5,-3.6,-3.6,-3.6,-3.5,-2.6,-2.4,-2.6,-3.2,-3.2
"70","2021-01-18 14:00",932.33,-0.3,-0.8,-1.6,-1.4,-2.5,-3.6,-3.6,-3.6,-3.5,-2.6,-2.4,-2.6,-2.5
"71","2021-01-18 15:00",1103.95,0.6,-0.3,-0.8,-1.6,-1.4,-2.5,-3.6,-3.6,-3.6,-3.5,-2.6,-2.4,-1.8
"72","2021-01-18 16:00",1412.78,0.1,0.6,-0.3,-0.8,-1.6,-1.4,-2.5,-3.6,-3.6,-3.6,-3.5,-2.6,-1.3
"73","2021-01-19 13:00",1457.33,-4.7,-6.3,-9,-9.9,-10.2,-10.2,-10.6,-10.2,-10,-10.1,-9.9,-9.4,-10.1
"74","2021-01-19 14:00",1388.35,-3.5,-4.7,-6.3,-9,-9.9,-10.2,-10.2,-10.6,-10.2,-10,-10.1,-9.9,-9.7
"75","2021-01-19 15:00",1280.78,-2.9,-3.5,-4.7,-6.3,-9,-9.9,-10.2,-10.2,-10.6,-10.2,-10,-10.1,-8.4
"76","2021-01-19 16:00",1771.61,-2,-2.9,-3.5,-4.7,-6.3,-9,-9.9,-10.2,-10.2,-10.6,-10.2,-10,-6.7
"77","2021-01-20 13:00",1352.5,0.4,-1.8,-4.9,-5.7,-6.4,-6.5,-6.1,-6.1,-5.8,-5.7,-5.4,-5.3,-6.2
"78","2021-01-20 14:00",1552.32,2.8,0.4,-1.8,-4.9,-5.7,-6.4,-6.5,-6.1,-6.1,-5.8,-5.7,-5.4,-5.7
"79","2021-01-20 15:00",1443.699,4,2.8,0.4,-1.8,-4.9,-5.7,-6.4,-6.5,-6.1,-6.1,-5.8,-5.7,-4.1
"80","2021-01-20 16:00",1132.285,6.1,4,2.8,0.4,-1.8,-4.9,-5.7,-6.4,-6.5,-6.1,-6.1,-5.8,-2.1
"81","2021-01-21 13:00",1489.26,5.4,4.5,3.9,3,2.5,2.6,2.5,2.2,2.1,2.1,1.9,2,2.7
"82","2021-01-21 14:00",1168.18,6.5,5.4,4.5,3.9,3,2.5,2.6,2.5,2.2,2.1,2.1,1.9,3.1
"83","2021-01-21 15:00",968.48,6.7,6.5,5.4,4.5,3.9,3,2.5,2.6,2.5,2.2,2.1,2.1,3.8
"84","2021-01-21 16:00",693.05,6,6.7,6.5,5.4,4.5,3.9,3,2.5,2.6,2.5,2.2,2.1,4.6
"85","2021-01-22 13:00",1306.97,6.1,5.9,5.3,4.8,4.3,4.2,4,4.1,4.2,4.3,4.3,4.2,4.4
"86","2021-01-22 14:00",1008.62,6.3,6.1,5.9,5.3,4.8,4.3,4.2,4,4.1,4.2,4.3,4.3,4.8
"87","2021-01-22 15:00",1383.87,6.3,6.3,6.1,5.9,5.3,4.8,4.3,4.2,4,4.1,4.2,4.3,5.3
"88","2021-01-22 16:00",1172.17,6.4,6.3,6.3,6.1,5.9,5.3,4.8,4.3,4.2,4,4.1,4.2,5.8
"89","2021-01-23 13:00",1187.03,9.4,8.7,7.1,5.7,4.7,4.5,4.2,3.8,3.9,4.2,4.5,4.7,5
"90","2021-01-23 14:00",1641.09,10.1,9.4,8.7,7.1,5.7,4.7,4.5,4.2,3.8,3.9,4.2,4.5,5.8
"91","2021-01-23 15:00",1285.394,10.7,10.1,9.4,8.7,7.1,5.7,4.7,4.5,4.2,3.8,3.9,4.2,7.2
"92","2021-01-23 16:00",1298.73,11.9,10.7,10.1,9.4,8.7,7.1,5.7,4.7,4.5,4.2,3.8,3.9,8.4
"93","2021-01-24 13:00",1411.85,9.3,7.4,3.9,1.5,1.5,1.8,2.3,2.7,3.8,4.6,5.6,5.8,1.6
"94","2021-01-24 14:00",864.04,10.5,9.3,7.4,3.9,1.5,1.5,1.8,2.3,2.7,3.8,4.6,5.6,2.3
"95","2021-01-24 15:00",1253.88,11.6,10.5,9.3,7.4,3.9,1.5,1.5,1.8,2.3,2.7,3.8,4.6,4.3
"96","2021-01-24 16:00",1392.441,12.3,11.6,10.5,9.3,7.4,3.9,1.5,1.5,1.8,2.3,2.7,3.8,6.9
"97","2021-01-25 13:00",1131.6,9.2,7.2,5.2,3.9,3.3,3,2.9,2.5,3.1,2.1,2.4,3.1,3.4
"98","2021-01-25 14:00",920.61,10.5,9.2,7.2,5.2,3.9,3.3,3,2.9,2.5,3.1,2.1,2.4,4.1
"99","2021-01-25 15:00",895.983,11.7,10.5,9.2,7.2,5.2,3.9,3.3,3,2.9,2.5,3.1,2.1,5.4
"100","2021-01-25 16:00",936.93,13,11.7,10.5,9.2,7.2,5.2,3.9,3.3,3,2.9,2.5,3.1,7.2
"101","2021-01-26 13:00",1430.16,5.9,5.7,5.7,6.1,6.1,6.4,5.8,5.9,5.9,5.5,5.7,5.9,6.2
"102","2021-01-26 14:00",1012.78,6.5,5.9,5.7,5.7,6.1,6.1,6.4,5.8,5.9,5.9,5.5,5.7,6
"103","2021-01-26 15:00",1454.87,6.9,6.5,5.9,5.7,5.7,6.1,6.1,6.4,5.8,5.9,5.9,5.5,5.8
"104","2021-01-26 16:00",846.07,6.8,6.9,6.5,5.9,5.7,5.7,6.1,6.1,6.4,5.8,5.9,5.9,5.8
"105","2021-01-27 13:00",1180.17,4.3,2.9,1,0.6,0.3,-0.1,0.4,0.8,1.2,1.7,2.1,2.3,0.3
"106","2021-01-27 14:00",1184.96,5.3,4.3,2.9,1,0.6,0.3,-0.1,0.4,0.8,1.2,1.7,2.1,0.6
"107","2021-01-27 15:00",1133.43,6.2,5.3,4.3,2.9,1,0.6,0.3,-0.1,0.4,0.8,1.2,1.7,1.5
"108","2021-01-27 16:00",1167.95,6.2,6.2,5.3,4.3,2.9,1,0.6,0.3,-0.1,0.4,0.8,1.2,2.7
"109","2021-01-28 13:00",954.3,1,0.3,1.1,1.4,-0.4,0.2,0.6,0.1,0.2,0,0.2,1,0.4
"110","2021-01-28 14:00",1085.85,1.1,1,0.3,1.1,1.4,-0.4,0.2,0.6,0.1,0.2,0,0.2,0.7
"111","2021-01-28 15:00",1019.97,1.1,1.1,1,0.3,1.1,1.4,-0.4,0.2,0.6,0.1,0.2,0,0.9
"112","2021-01-28 16:00",1165.39,0.8,1.1,1.1,1,0.3,1.1,1.4,-0.4,0.2,0.6,0.1,0.2,0.8
"113","2021-01-29 13:00",1409.81,-7.5,-8.8,-10.3,-10.7,-10.9,-10.8,-10.9,-10.9,-10.8,-10.5,-10.1,-9.7,-10.8
"114","2021-01-29 14:00",1218.23,-7,-7.5,-8.8,-10.3,-10.7,-10.9,-10.8,-10.9,-10.9,-10.8,-10.5,-10.1,-10.6
"115","2021-01-29 15:00",1301.39,-6.3,-7,-7.5,-8.8,-10.3,-10.7,-10.9,-10.8,-10.9,-10.9,-10.8,-10.5,-9.9
"116","2021-01-29 16:00",1327.14,-5.5,-6.3,-7,-7.5,-8.8,-10.3,-10.7,-10.9,-10.8,-10.9,-10.9,-10.8,-8.9
"117","2021-01-30 13:00",1715.682,-1.4,-3.7,-4.8,-4.9,-4.8,-5.1,-5.5,-5.4,-5.3,-5.8,-6,-6.3,-4.9
"118","2021-01-30 14:00",1775.62,1.5,-1.4,-3.7,-4.8,-4.9,-4.8,-5.1,-5.5,-5.4,-5.3,-5.8,-6,-4.8
"119","2021-01-30 15:00",1335.13,4.4,1.5,-1.4,-3.7,-4.8,-4.9,-4.8,-5.1,-5.5,-5.4,-5.3,-5.8,-4.5
"120","2021-01-30 16:00",1656.87,4.9,4.4,1.5,-1.4,-3.7,-4.8,-4.9,-4.8,-5.1,-5.5,-5.4,-5.3,-3.3
"121","2021-01-31 13:00",1532.99,4.2,1.7,-0.7,-2.1,-3.1,-3.2,-3.2,-3.1,-3.1,-3.2,-2.9,-2,-2.8
"122","2021-01-31 14:00",1292.892,5.9,4.2,1.7,-0.7,-2.1,-3.1,-3.2,-3.2,-3.1,-3.1,-3.2,-2.9,-2
"123","2021-01-31 15:00",1232.22,7.3,5.9,4.2,1.7,-0.7,-2.1,-3.1,-3.2,-3.2,-3.1,-3.1,-3.2,-0.4
"124","2021-01-31 16:00",1388.09,8,7.3,5.9,4.2,1.7,-0.7,-2.1,-3.1,-3.2,-3.2,-3.1,-3.1,1.7
"125","2021-02-01 13:00",871.88,8.6,7.9,7.2,5.6,5.2,5.2,5.4,5.4,5.2,5.2,5.9,5.9,5.3
"126","2021-02-01 14:00",1105.89,9.7,8.6,7.9,7.2,5.6,5.2,5.2,5.4,5.4,5.2,5.2,5.9,6
"127","2021-02-01 15:00",1234.69,9.3,9.7,8.6,7.9,7.2,5.6,5.2,5.2,5.4,5.4,5.2,5.2,6.9
"128","2021-02-01 16:00",1044.36,8.1,9.3,9.7,8.6,7.9,7.2,5.6,5.2,5.2,5.4,5.4,5.2,7.9
"129","2021-02-02 13:00",1091.37,-4.5,-5.2,-7.2,-7.6,-7.8,-7.3,-6.7,-5.7,-4.6,-3.5,-3.1,-2.6,-7.6
"130","2021-02-02 14:00",1038.674,-3.8,-4.5,-5.2,-7.2,-7.6,-7.8,-7.3,-6.7,-5.7,-4.6,-3.5,-3.1,-7.5
"131","2021-02-02 15:00",1241.38,-3.7,-3.8,-4.5,-5.2,-7.2,-7.6,-7.8,-7.3,-6.7,-5.7,-4.6,-3.5,-6.7
"132","2021-02-02 16:00",1579.19,-2.7,-3.7,-3.8,-4.5,-5.2,-7.2,-7.6,-7.8,-7.3,-6.7,-5.7,-4.6,-5.6
"133","2021-02-03 13:00",1151.13,-1.2,-3.7,-5.9,-7.1,-7.6,-7.7,-7.6,-7.8,-8.2,-8,-8,-7.7,-7.5
"134","2021-02-03 14:00",1394.42,0.2,-1.2,-3.7,-5.9,-7.1,-7.6,-7.7,-7.6,-7.8,-8.2,-8,-8,-6.9
"135","2021-02-03 15:00",1205.94,0.4,0.2,-1.2,-3.7,-5.9,-7.1,-7.6,-7.7,-7.6,-7.8,-8.2,-8,-5.6
"136","2021-02-03 16:00",1065.18,0.4,0.4,0.2,-1.2,-3.7,-5.9,-7.1,-7.6,-7.7,-7.6,-7.8,-8.2,-3.6
"137","2021-02-04 13:00",1126.59,-3.1,-4.4,-6.1,-6.6,-6.7,-6.4,-5.8,-4.8,-3.6,-2.2,-0.3,0.7,-6.6
"138","2021-02-04 14:00",875.07,-1.9,-3.1,-4.4,-6.1,-6.6,-6.7,-6.4,-5.8,-4.8,-3.6,-2.2,-0.3,-6.5
"139","2021-02-04 15:00",1549.96,-1.5,-1.9,-3.1,-4.4,-6.1,-6.6,-6.7,-6.4,-5.8,-4.8,-3.6,-2.2,-5.7
"140","2021-02-04 16:00",1126.66,-0.8,-1.5,-1.9,-3.1,-4.4,-6.1,-6.6,-6.7,-6.4,-5.8,-4.8,-3.6,-4.5
"141","2021-02-05 13:00",1064.16,2.4,0.8,-1,-2.2,-3.1,-3.4,-3.5,-3.3,-3.1,-3,-3.6,-3.5,-2.9
"142","2021-02-05 14:00",1103.93,4.5,2.4,0.8,-1,-2.2,-3.1,-3.4,-3.5,-3.3,-3.1,-3,-3.6,-2.1
"143","2021-02-05 15:00",1328.858,5.5,4.5,2.4,0.8,-1,-2.2,-3.1,-3.4,-3.5,-3.3,-3.1,-3,-0.8
"144","2021-02-05 16:00",1141.77,6.8,5.5,4.5,2.4,0.8,-1,-2.2,-3.1,-3.4,-3.5,-3.3,-3.1,0.7
"145","2021-02-06 13:00",1694.619,7.9,7,5.8,4.6,4.3,4.1,3.9,3.9,4.1,4.1,3.3,3.5,4.3
"146","2021-02-06 14:00",1214.6,8.9,7.9,7,5.8,4.6,4.3,4.1,3.9,3.9,4.1,4.1,3.3,4.9
"147","2021-02-06 15:00",1182.112,10,8.9,7.9,7,5.8,4.6,4.3,4.1,3.9,3.9,4.1,4.1,5.8
"148","2021-02-06 16:00",1006.7,10.1,10,8.9,7.9,7,5.8,4.6,4.3,4.1,3.9,3.9,4.1,6.9
"149","2021-02-07 13:00",1583.47,5.3,4.5,3.4,3.3,3.8,4.7,5,5.6,6,6.3,6.7,7.1,3.9
"150","2021-02-07 14:00",1338.429,5.7,5.3,4.5,3.4,3.3,3.8,4.7,5,5.6,6,6.3,6.7,3.5
"151","2021-02-07 15:00",1406.66,6.9,5.7,5.3,4.5,3.4,3.3,3.8,4.7,5,5.6,6,6.3,3.7
"152","2021-02-07 16:00",979.043,7.1,6.9,5.7,5.3,4.5,3.4,3.3,3.8,4.7,5,5.6,6,4.4
"153","2021-02-08 13:00",1323.75,-1.4,-2.4,-4.3,-4.8,-4.9,-4.6,-4.1,-3.7,-3.2,-2.9,-2.5,-2.3,-4.8
"154","2021-02-08 14:00",1177.14,-0.5,-1.4,-2.4,-4.3,-4.8,-4.9,-4.6,-4.1,-3.7,-3.2,-2.9,-2.5,-4.7
"155","2021-02-08 15:00",1145.05,-0.3,-0.5,-1.4,-2.4,-4.3,-4.8,-4.9,-4.6,-4.1,-3.7,-3.2,-2.9,-3.8
"156","2021-02-08 16:00",1020.99,0.3,-0.3,-0.5,-1.4,-2.4,-4.3,-4.8,-4.9,-4.6,-4.1,-3.7,-3.2,-2.7
"157","2021-02-09 13:00",1348.34,1.1,-0.4,-2.2,-3.2,-3.9,-4.2,-4.2,-4.2,-4.3,-4.1,-4,-4,-3.8
"158","2021-02-09 14:00",1055.44,2.3,1.1,-0.4,-2.2,-3.2,-3.9,-4.2,-4.2,-4.2,-4.3,-4.1,-4,-3.1
"159","2021-02-09 15:00",1435.37,3.4,2.3,1.1,-0.4,-2.2,-3.2,-3.9,-4.2,-4.2,-4.2,-4.3,-4.1,-1.9
"160","2021-02-09 16:00",1307.46,4,3.4,2.3,1.1,-0.4,-2.2,-3.2,-3.9,-4.2,-4.2,-4.2,-4.3,-0.5
"161","2021-02-10 13:00",1323.03,5,4,2.5,1,-0.1,-0.2,-0.1,-0.5,-1.3,-1.3,-0.6,0.4,0.2
"162","2021-02-10 14:00",1075.03,6.1,5,4,2.5,1,-0.1,-0.2,-0.1,-0.5,-1.3,-1.3,-0.6,1.1
"163","2021-02-10 15:00",940.8,7,6.1,5,4,2.5,1,-0.1,-0.2,-0.1,-0.5,-1.3,-1.3,2.5
"164","2021-02-10 16:00",1383.31,7.5,7,6.1,5,4,2.5,1,-0.1,-0.2,-0.1,-0.5,-1.3,3.8
"165","2021-02-11 13:00",1018.496,6.4,5,4,2.7,1.8,1,0.7,1.6,2.5,3.8,4.7,5,1.8
"166","2021-02-11 14:00",1048.87,7.9,6.4,5,4,2.7,1.8,1,0.7,1.6,2.5,3.8,4.7,2.8
"167","2021-02-11 15:00",1343.382,9.2,7.9,6.4,5,4,2.7,1.8,1,0.7,1.6,2.5,3.8,3.9
"168","2021-02-11 16:00",1105.07,10.1,9.2,7.9,6.4,5,4,2.7,1.8,1,0.7,1.6,2.5,5.1
"169","2021-02-12 13:00",1015.78,8.5,5.5,3.6,2,0.8,0.9,1.1,1.6,1.2,0.7,1,1.7,1.2
"170","2021-02-12 14:00",935.51,11.5,8.5,5.5,3.6,2,0.8,0.9,1.1,1.6,1.2,0.7,1,2.1
"171","2021-02-12 15:00",738.22,12.1,11.5,8.5,5.5,3.6,2,0.8,0.9,1.1,1.6,1.2,0.7,3.7
"172","2021-02-12 16:00",1253.04,12.5,12.1,11.5,8.5,5.5,3.6,2,0.8,0.9,1.1,1.6,1.2,5.9
"173","2021-02-13 13:00",1101.84,10.2,6.8,3.9,1.3,-0.3,-0.2,0.1,0.5,0.9,1.4,1.8,2.7,0.3
"174","2021-02-13 14:00",1170.94,12.9,10.2,6.8,3.9,1.3,-0.3,-0.2,0.1,0.5,0.9,1.4,1.8,1.6
"175","2021-02-13 15:00",1138.492,13.8,12.9,10.2,6.8,3.9,1.3,-0.3,-0.2,0.1,0.5,0.9,1.4,4
"176","2021-02-13 16:00",930.72,14.3,13.8,12.9,10.2,6.8,3.9,1.3,-0.3,-0.2,0.1,0.5,0.9,7
"177","2021-02-14 13:00",1171.33,12.4,10.4,8.5,7.2,6.4,6.6,6.9,6.8,6.6,6.2,5.3,4.9,6.7
"178","2021-02-14 14:00",1119.08,13.8,12.4,10.4,8.5,7.2,6.4,6.6,6.9,6.8,6.6,6.2,5.3,7.4
"179","2021-02-14 15:00",1268.89,13.8,13.8,12.4,10.4,8.5,7.2,6.4,6.6,6.9,6.8,6.6,6.2,8.7
"180","2021-02-14 16:00",1385.45,13.4,13.8,13.8,12.4,10.4,8.5,7.2,6.4,6.6,6.9,6.8,6.6,10.4
"181","2021-02-15 13:00",1191.965,2,1.4,2.3,3.8,5.4,5.4,5.4,6,6.8,7.2,7.7,8.2,4.9
"182","2021-02-15 14:00",1283.4,2.3,2,1.4,2.3,3.8,5.4,5.4,5.4,6,6.8,7.2,7.7,3.8
"183","2021-02-15 15:00",1024.91,2,2.3,2,1.4,2.3,3.8,5.4,5.4,5.4,6,6.8,7.2,2.5
"184","2021-02-15 16:00",1179.66,2.6,2,2.3,2,1.4,2.3,3.8,5.4,5.4,5.4,6,6.8,1.9
"185","2021-02-16 13:00",1337.75,-5.3,-5.3,-5.2,-4.6,-4.8,-5.2,-5.7,-5.3,-5.2,-4.8,-4.7,-4.7,-4.9
"186","2021-02-16 14:00",1462.29,-5.2,-5.3,-5.3,-5.2,-4.6,-4.8,-5.2,-5.7,-5.3,-5.2,-4.8,-4.7,-4.9
"187","2021-02-16 15:00",1386.35,-4.7,-5.2,-5.3,-5.3,-5.2,-4.6,-4.8,-5.2,-5.7,-5.3,-5.2,-4.8,-5
"188","2021-02-16 16:00",1347.15,-3.5,-4.7,-5.2,-5.3,-5.3,-5.2,-4.6,-4.8,-5.2,-5.7,-5.3,-5.2,-5.3
"189","2021-02-17 13:00",1310.89,-7.5,-8.3,-9.6,-10,-10,-9.8,-9.7,-9.4,-9,-8.3,-7.8,-7.2,-9.9
"190","2021-02-17 14:00",1111.73,-6.5,-7.5,-8.3,-9.6,-10,-10,-9.8,-9.7,-9.4,-9,-8.3,-7.8,-9.9
"191","2021-02-17 15:00",1257.224,-6.2,-6.5,-7.5,-8.3,-9.6,-10,-10,-9.8,-9.7,-9.4,-9,-8.3,-9.3
"192","2021-02-17 16:00",1677.11,-5.7,-6.2,-6.5,-7.5,-8.3,-9.6,-10,-10,-9.8,-9.7,-9.4,-9,-8.5
"193","2021-02-18 13:00",1528.82,-4.6,-6.2,-7.9,-8.8,-9.6,-10,-10.1,-10,-9.9,-9.6,-9.4,-9.1,-9.5
"194","2021-02-18 14:00",1257.69,-3,-4.6,-6.2,-7.9,-8.8,-9.6,-10,-10.1,-10,-9.9,-9.6,-9.4,-8.8
"195","2021-02-18 15:00",1623.037,-2.3,-3,-4.6,-6.2,-7.9,-8.8,-9.6,-10,-10.1,-10,-9.9,-9.6,-7.6
"196","2021-02-18 16:00",1394.07,-1.4,-2.3,-3,-4.6,-6.2,-7.9,-8.8,-9.6,-10,-10.1,-10,-9.9,-6.2
"197","2021-02-19 13:00",1405.34,3.1,-0.1,-2.9,-4.4,-5.5,-5.7,-5.5,-5.4,-5,-5.2,-4.8,-4.7,-5.2
"198","2021-02-19 14:00",1243.07,5.8,3.1,-0.1,-2.9,-4.4,-5.5,-5.7,-5.5,-5.4,-5,-5.2,-4.8,-4.3
"199","2021-02-19 15:00",1077.72,7.2,5.8,3.1,-0.1,-2.9,-4.4,-5.5,-5.7,-5.5,-5.4,-5,-5.2,-2.5
"200","2021-02-19 16:00",1467.13,8.5,7.2,5.8,3.1,-0.1,-2.9,-4.4,-5.5,-5.7,-5.5,-5.4,-5,0
"201","2021-02-20 13:00",970.67,10.2,7.9,6.7,6.5,6.4,6.3,6.3,5.9,5.8,6.2,6.3,6.2,6.4
"202","2021-02-20 14:00",1529.813,11.4,10.2,7.9,6.7,6.5,6.4,6.3,6.3,5.9,5.8,6.2,6.3,6.5
"203","2021-02-20 15:00",1375.55,12.8,11.4,10.2,7.9,6.7,6.5,6.4,6.3,6.3,5.9,5.8,6.2,7
"204","2021-02-20 16:00",1501.59,14.4,12.8,11.4,10.2,7.9,6.7,6.5,6.4,6.3,6.3,5.9,5.8,8.3
"205","2021-02-21 13:00",1213.02,15.3,12.7,8.6,6.6,5.8,5.5,5.4,4.7,4.3,3.9,3.9,4.2,6
"206","2021-02-21 14:00",1217.56,17,15.3,12.7,8.6,6.6,5.8,5.5,5.4,4.7,4.3,3.9,3.9,7
"207","2021-02-21 15:00",1415.68,17.6,17,15.3,12.7,8.6,6.6,5.8,5.5,5.4,4.7,4.3,3.9,9.3
"208","2021-02-21 16:00",1670.01,17.8,17.6,17,15.3,12.7,8.6,6.6,5.8,5.5,5.4,4.7,4.3,12.2
"209","2021-02-22 13:00",777.97,11.5,9.9,9.4,7.7,5.9,5.8,6.2,6.9,7.9,7.3,8.1,8.9,6.5
"210","2021-02-22 14:00",1032.66,12.3,11.5,9.9,9.4,7.7,5.9,5.8,6.2,6.9,7.9,7.3,8.1,7.7
"211","2021-02-22 15:00",1234.14,11.9,12.3,11.5,9.9,9.4,7.7,5.9,5.8,6.2,6.9,7.9,7.3,9
"212","2021-02-22 16:00",1064.02,12.1,11.9,12.3,11.5,9.9,9.4,7.7,5.9,5.8,6.2,6.9,7.9,10.3
"213","2021-02-23 13:00",1163.4,1.5,0.2,-1.5,-2.1,-2.2,-2,-1.9,-1.3,-0.8,-0.5,-0.1,0.6,-2.1
"214","2021-02-23 14:00",956.85,2,1.5,0.2,-1.5,-2.1,-2.2,-2,-1.9,-1.3,-0.8,-0.5,-0.1,-1.9
"215","2021-02-23 15:00",881.53,3,2,1.5,0.2,-1.5,-2.1,-2.2,-2,-1.9,-1.3,-0.8,-0.5,-1.1
"216","2021-02-23 16:00",974.46,4,3,2,1.5,0.2,-1.5,-2.1,-2.2,-2,-1.9,-1.3,-0.8,0.1
"217","2021-02-24 13:00",792.81,4.2,2.1,0.2,-0.8,-1.6,-1.8,-1.5,-1.3,-1.3,-1,-1,-0.7,-1.4
"218","2021-02-24 14:00",1009.84,5.4,4.2,2.1,0.2,-0.8,-1.6,-1.8,-1.5,-1.3,-1.3,-1,-1,-0.7
"219","2021-02-24 15:00",1344.59,7.3,5.4,4.2,2.1,0.2,-0.8,-1.6,-1.8,-1.5,-1.3,-1.3,-1,0.5
"220","2021-02-24 16:00",982.53,8.6,7.3,5.4,4.2,2.1,0.2,-0.8,-1.6,-1.8,-1.5,-1.3,-1.3,2.2
"221","2021-02-25 13:00",856.655,5.7,4.5,3.6,2.8,1.2,0.8,0.9,1,0.2,0.9,1.2,2.1,1.6
"222","2021-02-25 14:00",1206.33,6.3,5.7,4.5,3.6,2.8,1.2,0.8,0.9,1,0.2,0.9,1.2,2.5
"223","2021-02-25 15:00",1391.69,7.3,6.3,5.7,4.5,3.6,2.8,1.2,0.8,0.9,1,0.2,0.9,3.6
"224","2021-02-25 16:00",1204.45,7.8,7.3,6.3,5.7,4.5,3.6,2.8,1.2,0.8,0.9,1,0.2,4.6
"225","2021-02-26 13:00",808.65,11.6,8.7,4.9,1.9,0.8,0.5,0.9,1.4,1.5,1.8,2.1,2.4,1.1
"226","2021-02-26 14:00",1092.237,13.5,11.6,8.7,4.9,1.9,0.8,0.5,0.9,1.4,1.5,1.8,2.1,2.5
"227","2021-02-26 15:00",1015.59,14.2,13.5,11.6,8.7,4.9,1.9,0.8,0.5,0.9,1.4,1.5,1.8,5.2
"228","2021-02-26 16:00",1301.7,15,14.2,13.5,11.6,8.7,4.9,1.9,0.8,0.5,0.9,1.4,1.5,8.4
"229","2021-02-27 13:00",1224.93,11.4,9.4,7.1,5.8,4.8,4.7,5,5.2,5.5,5.9,6.5,7.2,5.1
"230","2021-02-27 14:00",941.86,13.2,11.4,9.4,7.1,5.8,4.8,4.7,5,5.2,5.5,5.9,6.5,5.9
"231","2021-02-27 15:00",1124.59,14.3,13.2,11.4,9.4,7.1,5.8,4.8,4.7,5,5.2,5.5,5.9,7.4
"232","2021-02-27 16:00",1237.51,15.3,14.3,13.2,11.4,9.4,7.1,5.8,4.8,4.7,5,5.2,5.5,9.3
"233","2021-02-28 13:00",1296.72,8.9,8,6.5,4.9,3.8,3.7,3.9,4.4,5,5.7,6.1,6.7,4.1
"234","2021-02-28 14:00",995.43,9.4,8.9,8,6.5,4.9,3.8,3.7,3.9,4.4,5,5.7,6.1,5.1
"235","2021-02-28 15:00",1122.77,9.7,9.4,8.9,8,6.5,4.9,3.8,3.7,3.9,4.4,5,5.7,6.5
"236","2021-02-28 16:00",1060.629,9.7,9.7,9.4,8.9,8,6.5,4.9,3.8,3.7,3.9,4.4,5,7.8
"237","2021-03-01 13:00",1210.16,6.5,6.1,5.8,5.6,5.3,5.4,5.5,5.7,7.1,9,9.4,9.3,5.4
"238","2021-03-01 14:00",1067.38,6.8,6.5,6.1,5.8,5.6,5.3,5.4,5.5,5.7,7.1,9,9.4,5.6
"239","2021-03-01 15:00",1376.47,7.1,6.8,6.5,6.1,5.8,5.6,5.3,5.4,5.5,5.7,7.1,9,5.8
"240","2021-03-01 16:00",1185.102,6.8,7.1,6.8,6.5,6.1,5.8,5.6,5.3,5.4,5.5,5.7,7.1,6.1
"241","2021-03-02 13:00",1303.74,3.3,2.6,1.8,1.3,0.7,0.8,0.7,0.6,0.7,0.7,0.8,0.5,0.9
"242","2021-03-02 14:00",1095.157,3.8,3.3,2.6,1.8,1.3,0.7,0.8,0.7,0.6,0.7,0.7,0.8,1.3
"243","2021-03-02 15:00",1267.12,5.2,3.8,3.3,2.6,1.8,1.3,0.7,0.8,0.7,0.6,0.7,0.7,1.9
"244","2021-03-02 16:00",1237.49,6.4,5.2,3.8,3.3,2.6,1.8,1.3,0.7,0.8,0.7,0.6,0.7,2.6
"245","2021-03-03 13:00",1236.7,7.5,4.9,2.8,1.2,0,-0.5,-0.4,0,-0.1,0.1,0.5,1.2,0.2
"246","2021-03-03 14:00",1009.77,8.4,7.5,4.9,2.8,1.2,0,-0.5,-0.4,0,-0.1,0.1,0.5,1.3
"247","2021-03-03 15:00",735.77,9.1,8.4,7.5,4.9,2.8,1.2,0,-0.5,-0.4,0,-0.1,0.1,3
"248","2021-03-03 16:00",1223.82,9.4,9.1,8.4,7.5,4.9,2.8,1.2,0,-0.5,-0.4,0,-0.1,5.1
"249","2021-03-04 13:00",1020.62,8.6,6.8,6,4.9,4,3.7,3.7,3.6,3.6,3.4,2.7,3.2,4.2
"250","2021-03-04 14:00",851.52,10.1,8.6,6.8,6,4.9,4,3.7,3.7,3.6,3.6,3.4,2.7,5
"251","2021-03-04 15:00",1450.07,11.1,10.1,8.6,6.8,6,4.9,4,3.7,3.7,3.6,3.6,3.4,5.9
"252","2021-03-04 16:00",936.04,12,11.1,10.1,8.6,6.8,6,4.9,4,3.7,3.7,3.6,3.6,7.1
"253","2021-03-05 13:00",994.89,12.2,9.3,6.5,4.7,2.6,2.2,2.1,2.7,3.4,4,4.1,4.6,3.2
"254","2021-03-05 14:00",1320.6,13.9,12.2,9.3,6.5,4.7,2.6,2.2,2.1,2.7,3.4,4,4.1,4.6
"255","2021-03-05 15:00",853.07,14.5,13.9,12.2,9.3,6.5,4.7,2.6,2.2,2.1,2.7,3.4,4,6.8
"256","2021-03-05 16:00",827,15.3,14.5,13.9,12.2,9.3,6.5,4.7,2.6,2.2,2.1,2.7,3.4,9.3
"257","2021-03-06 13:00",1058.07,10.5,9.8,8.6,6.4,5.3,5.2,5.8,6.2,6.3,6.3,7,7.7,5.6
"258","2021-03-06 14:00",886.85,10.4,10.5,9.8,8.6,6.4,5.3,5.2,5.8,6.2,6.3,6.3,7,6.8
"259","2021-03-06 15:00",942.47,9.4,10.4,10.5,9.8,8.6,6.4,5.3,5.2,5.8,6.2,6.3,6.3,8.3
"260","2021-03-06 16:00",995.174,9.4,9.4,10.4,10.5,9.8,8.6,6.4,5.3,5.2,5.8,6.2,6.3,9.6
"261","2021-03-07 13:00",1387.154,8.1,6.1,4.6,3.6,2.9,2.7,2.7,2.8,2.8,2.8,2.9,3.1,3.1
"262","2021-03-07 14:00",1243.53,9.5,8.1,6.1,4.6,3.6,2.9,2.7,2.7,2.8,2.8,2.8,2.9,3.7
"263","2021-03-07 15:00",1185.068,10.7,9.5,8.1,6.1,4.6,3.6,2.9,2.7,2.7,2.8,2.8,2.8,4.8
"264","2021-03-07 16:00",1532.579,11.4,10.7,9.5,8.1,6.1,4.6,3.6,2.9,2.7,2.7,2.8,2.8,6.3
"265","2021-03-08 13:00",869.784,10.1,8.2,5.5,4.1,2.2,1.6,1.7,1.9,2.8,3.7,4.6,5,2.6
"266","2021-03-08 14:00",1060.646,11.8,10.1,8.2,5.5,4.1,2.2,1.6,1.7,1.9,2.8,3.7,4.6,3.9
"267","2021-03-08 15:00",957.36,12.5,11.8,10.1,8.2,5.5,4.1,2.2,1.6,1.7,1.9,2.8,3.7,5.9
"268","2021-03-08 16:00",1351.37,13.1,12.5,11.8,10.1,8.2,5.5,4.1,2.2,1.6,1.7,1.9,2.8,7.9
"269","2021-03-09 13:00",909.94,9.7,8.4,6.2,4.8,2.9,2.9,3.6,3.5,3,3.6,4.9,5.6,3.5
"270","2021-03-09 14:00",1033.94,10.6,9.7,8.4,6.2,4.8,2.9,2.9,3.6,3.5,3,3.6,4.9,4.6
"271","2021-03-09 15:00",1233.58,11.3,10.6,9.7,8.4,6.2,4.8,2.9,2.9,3.6,3.5,3,3.6,6.5
"272","2021-03-09 16:00",879,11.7,11.3,10.6,9.7,8.4,6.2,4.8,2.9,2.9,3.6,3.5,3,8.1
"273","2021-03-10 13:00",934.59,10.7,8.3,6.1,4.7,3.2,2.5,2.3,2.4,3.1,4,5,5.3,3.5
"274","2021-03-10 14:00",810.94,12.8,10.7,8.3,6.1,4.7,3.2,2.5,2.3,2.4,3.1,4,5,4.7
"275","2021-03-10 15:00",1177.51,14.5,12.8,10.7,8.3,6.1,4.7,3.2,2.5,2.3,2.4,3.1,4,6.4
"276","2021-03-10 16:00",1003.73,16.4,14.5,12.8,10.7,8.3,6.1,4.7,3.2,2.5,2.3,2.4,3.1,8.4
"277","2021-03-11 13:00",966.02,12.8,10.8,8.5,6.8,4.6,3.8,4.1,4.3,4.8,5.5,6.1,6.8,5.1
"278","2021-03-11 14:00",861.72,14.5,12.8,10.8,8.5,6.8,4.6,3.8,4.1,4.3,4.8,5.5,6.1,6.6
"279","2021-03-11 15:00",698.72,15.9,14.5,12.8,10.8,8.5,6.8,4.6,3.8,4.1,4.3,4.8,5.5,8.7
"280","2021-03-11 16:00",1178.09,16.6,15.9,14.5,12.8,10.8,8.5,6.8,4.6,3.8,4.1,4.3,4.8,10.7
"281","2021-03-12 13:00",1213.97,13,11.6,10.5,10,9.5,9.5,9.7,9.8,9.8,9.9,9.9,10.3,9.7
"282","2021-03-12 14:00",769.97,14.2,13,11.6,10.5,10,9.5,9.5,9.7,9.8,9.8,9.9,9.9,10
"283","2021-03-12 15:00",1045.26,12.8,14.2,13,11.6,10.5,10,9.5,9.5,9.7,9.8,9.8,9.9,10.7
"284","2021-03-12 16:00",1121.29,11.8,12.8,14.2,13,11.6,10.5,10,9.5,9.5,9.7,9.8,9.8,11.7
"285","2021-03-13 13:00",897.42,12.2,10.4,9,7.4,5.7,4.7,5.2,5.4,8,8.7,9.5,10.5,5.9
"286","2021-03-13 14:00",1040.49,13.2,12.2,10.4,9,7.4,5.7,4.7,5.2,5.4,8,8.7,9.5,7.4
"287","2021-03-13 15:00",1110.41,13.4,13.2,12.2,10.4,9,7.4,5.7,4.7,5.2,5.4,8,8.7,8.9
"288","2021-03-13 16:00",1359.881,14.3,13.4,13.2,12.2,10.4,9,7.4,5.7,4.7,5.2,5.4,8,10.5
"289","2021-03-14 13:00",1696.06,10.9,8.9,7.6,6.3,5.6,5.6,6.1,6.3,6.6,6.8,7.2,7.7,5.8
"290","2021-03-14 14:00",1385.45,12.5,10.9,8.9,7.6,6.3,5.6,5.6,6.1,6.3,6.6,6.8,7.2,6.5
"291","2021-03-14 15:00",1422.66,13.2,12.5,10.9,8.9,7.6,6.3,5.6,5.6,6.1,6.3,6.6,6.8,7.6
"292","2021-03-14 16:00",1408.94,12.9,13.2,12.5,10.9,8.9,7.6,6.3,5.6,5.6,6.1,6.3,6.6,9.1
"293","2021-03-15 13:00",928.77,13.7,11.1,9.3,8.1,6.7,5.1,5.1,5.6,6.3,6.8,7.3,8.2,6.6
"294","2021-03-15 14:00",1080.06,14.8,13.7,11.1,9.3,8.1,6.7,5.1,5.1,5.6,6.3,6.8,7.3,8
"295","2021-03-15 15:00",750.37,15.5,14.8,13.7,11.1,9.3,8.1,6.7,5.1,5.1,5.6,6.3,6.8,9.5
"296","2021-03-15 16:00",1021.74,16.2,15.5,14.8,13.7,11.1,9.3,8.1,6.7,5.1,5.1,5.6,6.3,11.4
"297","2021-03-16 13:00",815.12,10.2,8.4,6.9,6.3,6,6.5,7.4,8.7,9.4,9.4,9.6,10.3,6.3
"298","2021-03-16 14:00",992.99,11.5,10.2,8.4,6.9,6.3,6,6.5,7.4,8.7,9.4,9.4,9.6,6.4
"299","2021-03-16 15:00",897.45,12.6,11.5,10.2,8.4,6.9,6.3,6,6.5,7.4,8.7,9.4,9.4,7.2
"300","2021-03-16 16:00",1106.06,13.2,12.6,11.5,10.2,8.4,6.9,6.3,6,6.5,7.4,8.7,9.4,8.5
"301","2021-03-17 13:00",915.66,11.3,8.3,6.4,5.1,3.8,3,3.9,4.4,4.9,5.2,5.5,5.6,4
"302","2021-03-17 14:00",867.1,13.4,11.3,8.3,6.4,5.1,3.8,3,3.9,4.4,4.9,5.2,5.5,5.1
"303","2021-03-17 15:00",1121.836,15.1,13.4,11.3,8.3,6.4,5.1,3.8,3,3.9,4.4,4.9,5.2,6.6
"304","2021-03-17 16:00",999.662,16.5,15.1,13.4,11.3,8.3,6.4,5.1,3.8,3,3.9,4.4,4.9,8.7
"305","2021-03-18 13:00",672.63,14.2,12.1,10.1,8.1,6,5.3,4.9,4.9,5.5,6.4,6.4,6.9,6.5
"306","2021-03-18 14:00",838.98,15.8,14.2,12.1,10.1,8.1,6,5.3,4.9,4.9,5.5,6.4,6.4,8.1
"307","2021-03-18 15:00",1053.27,16.6,15.8,14.2,12.1,10.1,8.1,6,5.3,4.9,4.9,5.5,6.4,10.1
"308","2021-03-18 16:00",1381.13,17.3,16.6,15.8,14.2,12.1,10.1,8.1,6,5.3,4.9,4.9,5.5,12.1
"309","2021-03-19 13:00",1077.89,16.5,14.7,13.6,12.9,12.2,12,12.3,12.4,12.5,11.9,12.2,12.7,12.4
"310","2021-03-19 14:00",1184.12,17.7,16.5,14.7,13.6,12.9,12.2,12,12.3,12.4,12.5,11.9,12.2,12.9
"311","2021-03-19 15:00",1042.22,18.8,17.7,16.5,14.7,13.6,12.9,12.2,12,12.3,12.4,12.5,11.9,13.7
"312","2021-03-19 16:00",1350.558,19.4,18.8,17.7,16.5,14.7,13.6,12.9,12.2,12,12.3,12.4,12.5,14.9
"313","2021-03-20 13:00",1319.85,8.3,8.7,9.2,10.5,11.5,11.9,12.2,12.6,12.9,13.5,14.1,14.7,11.3
"314","2021-03-20 14:00",1428.28,8.5,8.3,8.7,9.2,10.5,11.5,11.9,12.2,12.6,12.9,13.5,14.1,10.4
"315","2021-03-20 15:00",1016.32,8.8,8.5,8.3,8.7,9.2,10.5,11.5,11.9,12.2,12.6,12.9,13.5,9.5
"316","2021-03-20 16:00",1586.53,8.9,8.8,8.5,8.3,8.7,9.2,10.5,11.5,11.9,12.2,12.6,12.9,8.7
"317","2021-03-21 13:00",1227.02,7.8,7.4,6.4,6.2,5.6,5.5,5.6,5.7,6,6.4,7.1,7.5,5.8
"318","2021-03-21 14:00",1279.91,8,7.8,7.4,6.4,6.2,5.6,5.5,5.6,5.7,6,6.4,7.1,6.1
"319","2021-03-21 15:00",1227.95,8.7,8,7.8,7.4,6.4,6.2,5.6,5.5,5.6,5.7,6,6.4,6.7
"320","2021-03-21 16:00",1462.182,9.2,8.7,8,7.8,7.4,6.4,6.2,5.6,5.5,5.6,5.7,6,7.2
"321","2021-03-22 13:00",1053.88,9.7,7.9,6.4,5,3.3,3,3.2,3.3,3.4,3.5,3.6,3.7,3.8
"322","2021-03-22 14:00",1325.54,10.3,9.7,7.9,6.4,5,3.3,3,3.2,3.3,3.4,3.5,3.6,4.9
"323","2021-03-22 15:00",1289.91,11,10.3,9.7,7.9,6.4,5,3.3,3,3.2,3.3,3.4,3.5,6.4
"324","2021-03-22 16:00",870.48,10.7,11,10.3,9.7,7.9,6.4,5,3.3,3,3.2,3.3,3.4,8
"325","2021-03-23 13:00",1038.84,13.1,10.4,7.6,6,4.5,3,3,3.4,4,4.6,5.1,5.4,4.5
"326","2021-03-23 14:00",841.99,15.2,13.1,10.4,7.6,6,4.5,3,3,3.4,4,4.6,5.1,6
"327","2021-03-23 15:00",1166.54,15.8,15.2,13.1,10.4,7.6,6,4.5,3,3,3.4,4,4.6,8
"328","2021-03-23 16:00",1137.21,15.3,15.8,15.2,13.1,10.4,7.6,6,4.5,3,3,3.4,4,10.4
"329","2021-03-24 13:00",904.83,13.5,11.7,10.5,9.1,7.3,6.3,5.7,5.8,6.1,6.9,8,8.6,7.6
"330","2021-03-24 14:00",842.59,15.1,13.5,11.7,10.5,9.1,7.3,6.3,5.7,5.8,6.1,6.9,8,9
"331","2021-03-24 15:00",1163.35,16.3,15.1,13.5,11.7,10.5,9.1,7.3,6.3,5.7,5.8,6.1,6.9,10.4
"332","2021-03-24 16:00",1083.06,16.9,16.3,15.1,13.5,11.7,10.5,9.1,7.3,6.3,5.7,5.8,6.1,11.9
"333","2021-03-25 13:00",839.19,15.9,13.3,11.7,10.6,10.6,11,11.3,11.5,12.5,15,17,17.1,10.7
"334","2021-03-25 14:00",1054.79,17.5,15.9,13.3,11.7,10.6,10.6,11,11.3,11.5,12.5,15,17,11
"335","2021-03-25 15:00",926.12,18.4,17.5,15.9,13.3,11.7,10.6,10.6,11,11.3,11.5,12.5,15,11.9
"336","2021-03-25 16:00",1278,18.7,18.4,17.5,15.9,13.3,11.7,10.6,10.6,11,11.3,11.5,12.5,13.6
"337","2021-03-26 13:00",945.16,15.1,12.4,9.9,7.7,6.2,5.7,5.6,5.7,6,6.2,6.5,7,6.5
"338","2021-03-26 14:00",707.86,16.4,15.1,12.4,9.9,7.7,6.2,5.7,5.6,5.7,6,6.2,6.5,7.9
"339","2021-03-26 15:00",1209.031,18,16.4,15.1,12.4,9.9,7.7,6.2,5.7,5.6,5.7,6,6.2,10
"340","2021-03-26 16:00",1035.05,19.4,18,16.4,15.1,12.4,9.9,7.7,6.2,5.7,5.6,5.7,6,12.5
"341","2021-03-27 13:00",928.213,15.3,14.5,13.8,12.7,11.4,10.4,10,10,10.4,10.9,11.2,11.5,11.5
"342","2021-03-27 14:00",1122.03,13.8,15.3,14.5,13.8,12.7,11.4,10.4,10,10,10.4,10.9,11.2,12.6
"343","2021-03-27 15:00",794.46,13,13.8,15.3,14.5,13.8,12.7,11.4,10.4,10,10,10.4,10.9,13.7
"344","2021-03-27 16:00",1132.28,11.7,13,13.8,15.3,14.5,13.8,12.7,11.4,10.4,10,10,10.4,14.5
"345","2021-03-28 13:00",1731.46,8.8,8.2,8.2,8.2,8.1,8.2,8.8,9.6,11,12.2,13.1,13.1,8.2
"346","2021-03-28 14:00",1200.14,9.4,8.8,8.2,8.2,8.2,8.1,8.2,8.8,9.6,11,12.2,13.1,8.2
"347","2021-03-28 15:00",1637.27,9.7,9.4,8.8,8.2,8.2,8.2,8.1,8.2,8.8,9.6,11,12.2,8.2
"348","2021-03-28 16:00",1342.665,9.3,9.7,9.4,8.8,8.2,8.2,8.2,8.1,8.2,8.8,9.6,11,8.4
"349","2021-03-29 13:00",966.83,13.7,12,10.9,9.7,9,8.7,8.5,8.6,8.6,8.9,9.3,9.4,9.1
"350","2021-03-29 14:00",867,14.7,13.7,12,10.9,9.7,9,8.7,8.5,8.6,8.6,8.9,9.3,9.9
"351","2021-03-29 15:00",1040.96,14.8,14.7,13.7,12,10.9,9.7,9,8.7,8.5,8.6,8.6,8.9,10.9
"352","2021-03-29 16:00",943.23,14.1,14.8,14.7,13.7,12,10.9,9.7,9,8.7,8.5,8.6,8.6,12.2
"353","2021-03-30 13:00",783.694,14.3,11.8,9.9,7.7,6.1,4.6,4.3,4.9,6,7.1,7.6,8,6.1
"354","2021-03-30 14:00",993.33,16.3,14.3,11.8,9.9,7.7,6.1,4.6,4.3,4.9,6,7.1,7.6,7.9
"355","2021-03-30 15:00",754.21,16.9,16.3,14.3,11.8,9.9,7.7,6.1,4.6,4.3,4.9,6,7.1,9.8
"356","2021-03-30 16:00",1033.97,18.3,16.9,16.3,14.3,11.8,9.9,7.7,6.1,4.6,4.3,4.9,6,12
"357","2021-03-31 13:00",726.91,17.4,14.2,12,10,7.8,6.1,5.7,5.7,6.3,6.9,7.3,8.4,8
"358","2021-03-31 14:00",799.4,19.7,17.4,14.2,12,10,7.8,6.1,5.7,5.7,6.3,6.9,7.3,9.9
"359","2021-03-31 15:00",947.88,21.2,19.7,17.4,14.2,12,10,7.8,6.1,5.7,5.7,6.3,6.9,12.1
"360","2021-03-31 16:00",1080.78,22.2,21.2,19.7,17.4,14.2,12,10,7.8,6.1,5.7,5.7,6.3,14.5
"361","2021-04-01 13:00",742.55,21.5,18.6,16.5,14.8,13.2,11.6,11,11.2,11.4,11.6,11.6,12.3,13.2
"362","2021-04-01 14:00",1256.75,22.9,21.5,18.6,16.5,14.8,13.2,11.6,11,11.2,11.4,11.6,11.6,14.8
"363","2021-04-01 15:00",830.76,23.3,22.9,21.5,18.6,16.5,14.8,13.2,11.6,11,11.2,11.4,11.6,16.6
"364","2021-04-01 16:00",1110.87,23.8,23.3,22.9,21.5,18.6,16.5,14.8,13.2,11.6,11,11.2,11.4,18.9
"365","2021-04-02 13:00",1150.78,20.2,18.4,16.3,14.5,14,13.5,13.1,13.1,13,13.4,14.2,14.8,14
"366","2021-04-02 14:00",686.15,21.7,20.2,18.4,16.3,14.5,14,13.5,13.1,13.1,13,13.4,14.2,14.9
"367","2021-04-02 15:00",1282.89,22.3,21.7,20.2,18.4,16.3,14.5,14,13.5,13.1,13.1,13,13.4,16.4
"368","2021-04-02 16:00",726.52,22.8,22.3,21.7,20.2,18.4,16.3,14.5,14,13.5,13.1,13.1,13,18.3
"369","2021-04-03 13:00",893.51,14.6,15.2,17.4,17.8,18.1,18,18.1,18.3,18.3,18.5,18.6,18.3,18
"370","2021-04-03 14:00",1370.5,14.4,14.6,15.2,17.4,17.8,18.1,18,18.1,18.3,18.3,18.5,18.6,17.8
"371","2021-04-03 15:00",1016.743,14.5,14.4,14.6,15.2,17.4,17.8,18.1,18,18.1,18.3,18.3,18.5,16.8
"372","2021-04-03 16:00",950.71,14.5,14.5,14.4,14.6,15.2,17.4,17.8,18.1,18,18.1,18.3,18.3,15.7
"373","2021-04-04 13:00",1351.55,14.1,12.7,11.8,11.2,10.7,10.8,10.6,10.6,11,11.3,11.2,10.7,10.9
"374","2021-04-04 14:00",1424.25,15.2,14.1,12.7,11.8,11.2,10.7,10.8,10.6,10.6,11,11.3,11.2,11.2
"375","2021-04-04 15:00",1646.9,15.6,15.2,14.1,12.7,11.8,11.2,10.7,10.8,10.6,10.6,11,11.3,11.9
"376","2021-04-04 16:00",1630.414,15.9,15.6,15.2,14.1,12.7,11.8,11.2,10.7,10.8,10.6,10.6,11,12.9
"377","2021-04-05 13:00",1305.23,15.4,12.6,11.2,9.3,8,6.7,6.7,7.4,7.9,8.5,8.8,9.2,8
"378","2021-04-05 14:00",913.25,16.6,15.4,12.6,11.2,9.3,8,6.7,6.7,7.4,7.9,8.5,8.8,9.5
"379","2021-04-05 15:00",1045.53,17.9,16.6,15.4,12.6,11.2,9.3,8,6.7,6.7,7.4,7.9,8.5,11
"380","2021-04-05 16:00",1193.356,18.9,17.9,16.6,15.4,12.6,11.2,9.3,8,6.7,6.7,7.4,7.9,13.1
"381","2021-04-06 13:00",794.07,16.9,14.8,13.7,12.3,11.1,10.6,10.7,10.8,10.9,10.9,11.3,11.8,11.3
"382","2021-04-06 14:00",897.173,18.5,16.9,14.8,13.7,12.3,11.1,10.6,10.7,10.8,10.9,10.9,11.3,12.4
"383","2021-04-06 15:00",621.79,19.2,18.5,16.9,14.8,13.7,12.3,11.1,10.6,10.7,10.8,10.9,10.9,13.6
"384","2021-04-06 16:00",948.39,19.7,19.2,18.5,16.9,14.8,13.7,12.3,11.1,10.6,10.7,10.8,10.9,15.1
"385","2021-04-07 13:00",753.44,18.5,15.5,13.5,11.2,9.7,8.5,9.5,9.8,10.2,10.4,11.4,11.9,9.8
"386","2021-04-07 14:00",951.22,19.8,18.5,15.5,13.5,11.2,9.7,8.5,9.5,9.8,10.2,10.4,11.4,11.5
"387","2021-04-07 15:00",1188.674,20.4,19.8,18.5,15.5,13.5,11.2,9.7,8.5,9.5,9.8,10.2,10.4,13.4
"388","2021-04-07 16:00",1221.45,20.4,20.4,19.8,18.5,15.5,13.5,11.2,9.7,8.5,9.5,9.8,10.2,15.8
"389","2021-04-08 13:00",977.66,16.6,14.1,13.4,11.6,10.2,8.3,8.6,10.1,10.5,11.3,11.6,12.3,10
"390","2021-04-08 14:00",1170.98,17,16.6,14.1,13.4,11.6,10.2,8.3,8.6,10.1,10.5,11.3,11.6,11.7
"391","2021-04-08 15:00",1054.95,17.6,17,16.6,14.1,13.4,11.6,10.2,8.3,8.6,10.1,10.5,11.3,13
"392","2021-04-08 16:00",1404.73,18,17.6,17,16.6,14.1,13.4,11.6,10.2,8.3,8.6,10.1,10.5,14.7
"393","2021-04-09 13:00",767.11,15.7,14.2,12.9,11.5,10.6,9.6,7.8,7.4,8.3,9.9,10.5,11.2,10.6
"394","2021-04-09 14:00",1279.99,17.1,15.7,14.2,12.9,11.5,10.6,9.6,7.8,7.4,8.3,9.9,10.5,11.7
"395","2021-04-09 15:00",901.18,18.3,17.1,15.7,14.2,12.9,11.5,10.6,9.6,7.8,7.4,8.3,9.9,12.9
"396","2021-04-09 16:00",1349.896,18.9,18.3,17.1,15.7,14.2,12.9,11.5,10.6,9.6,7.8,7.4,8.3,14.3
"397","2021-04-10 13:00",1170.12,15.9,13.7,12.4,10.6,9.7,8.9,8.7,9,9.3,9.8,10.3,11,9.7
"398","2021-04-10 14:00",1117.42,17.1,15.9,13.7,12.4,10.6,9.7,8.9,8.7,9,9.3,9.8,10.3,10.9
"399","2021-04-10 15:00",1091.54,18.4,17.1,15.9,13.7,12.4,10.6,9.7,8.9,8.7,9,9.3,9.8,12.2
"400","2021-04-10 16:00",1441.04,18.9,18.4,17.1,15.9,13.7,12.4,10.6,9.7,8.9,8.7,9,9.3,14
"401","2021-04-11 13:00",1493.31,18.7,16,13.7,11.5,9.9,7.9,7.6,7.8,8.4,9,9.8,11.1,9.8
"402","2021-04-11 14:00",1431.99,19.9,18.7,16,13.7,11.5,9.9,7.9,7.6,7.8,8.4,9,9.8,11.7
"403","2021-04-11 15:00",1303.49,21,19.9,18.7,16,13.7,11.5,9.9,7.9,7.6,7.8,8.4,9,13.7
"404","2021-04-11 16:00",1627.456,21.9,21,19.9,18.7,16,13.7,11.5,9.9,7.9,7.6,7.8,8.4,16.1
"405","2021-04-12 13:00",707.13,17.9,17.4,16.6,16.2,15.2,14.2,13.7,13.7,14.1,14.7,14.9,15.3,15.2
"406","2021-04-12 14:00",781.68,17.4,17.9,17.4,16.6,16.2,15.2,14.2,13.7,13.7,14.1,14.7,14.9,16
"407","2021-04-12 15:00",872.55,14.6,17.4,17.9,17.4,16.6,16.2,15.2,14.2,13.7,13.7,14.1,14.7,16.7
"408","2021-04-12 16:00",936.834,13,14.6,17.4,17.9,17.4,16.6,16.2,15.2,14.2,13.7,13.7,14.1,17.3
"409","2021-04-13 13:00",1194.778,13.2,13.2,13,12.1,11.7,11.3,10.8,10.7,10.9,11.2,11.8,13,11.7
"410","2021-04-13 14:00",1165.47,13.2,13.2,13.2,13,12.1,11.7,11.3,10.8,10.7,10.9,11.2,11.8,12.3
"411","2021-04-13 15:00",1239.1,13,13.2,13.2,13.2,13,12.1,11.7,11.3,10.8,10.7,10.9,11.2,12.8
"412","2021-04-13 16:00",1146.36,12.6,13,13.2,13.2,13.2,13,12.1,11.7,11.3,10.8,10.7,10.9,13.1
"413","2021-04-14 13:00",974.3,12.3,9.4,8.1,6.9,6.1,5,4.7,5.2,5.5,5.9,6.1,6.4,6
"414","2021-04-14 14:00",664.56,13.5,12.3,9.4,8.1,6.9,6.1,5,4.7,5.2,5.5,5.9,6.1,7
"415","2021-04-14 15:00",1224.11,13.5,13.5,12.3,9.4,8.1,6.9,6.1,5,4.7,5.2,5.5,5.9,8.1
"416","2021-04-14 16:00",1255.33,13.7,13.5,13.5,12.3,9.4,8.1,6.9,6.1,5,4.7,5.2,5.5,9.9
"417","2021-04-15 13:00",819.853,14.2,11.7,10.1,8.7,7.9,7.4,7.4,7.3,7.3,6.9,7.4,7.8,8
"418","2021-04-15 14:00",1095.81,15.9,14.2,11.7,10.1,8.7,7.9,7.4,7.4,7.3,7.3,6.9,7.4,8.9
"419","2021-04-15 15:00",1037.311,17,15.9,14.2,11.7,10.1,8.7,7.9,7.4,7.4,7.3,7.3,6.9,10.2
"420","2021-04-15 16:00",1204.63,18.1,17,15.9,14.2,11.7,10.1,8.7,7.9,7.4,7.4,7.3,7.3,12
"421","2021-04-16 13:00",944.66,10.8,11.7,12.7,12.7,12.3,11.5,11.9,12,11.9,11.9,11.7,11.1,12.2
"422","2021-04-16 14:00",1220.35,11.3,10.8,11.7,12.7,12.7,12.3,11.5,11.9,12,11.9,11.9,11.7,12.6
"423","2021-04-16 15:00",1018.73,11.8,11.3,10.8,11.7,12.7,12.7,12.3,11.5,11.9,12,11.9,11.9,12.4
"424","2021-04-16 16:00",1281.17,13.9,11.8,11.3,10.8,11.7,12.7,12.7,12.3,11.5,11.9,12,11.9,11.7
"425","2021-04-17 13:00",818.3,12.5,11.8,11.8,10.6,8.6,6.8,6.1,5.8,6.1,6.5,7.2,8,8.7
"426","2021-04-17 14:00",1656.42,11.8,12.5,11.8,11.8,10.6,8.6,6.8,6.1,5.8,6.1,6.5,7.2,10.3
"427","2021-04-17 15:00",1129.26,13.4,11.8,12.5,11.8,11.8,10.6,8.6,6.8,6.1,5.8,6.1,6.5,11.4
"428","2021-04-17 16:00",1443.723,14.3,13.4,11.8,12.5,11.8,11.8,10.6,8.6,6.8,6.1,5.8,6.1,12
"429","2021-04-18 13:00",1479.52,12.5,10.7,10,8.6,7.9,7.1,7.1,7.3,7.3,7.5,7.8,8.3,7.9
"430","2021-04-18 14:00",1322.18,13.6,12.5,10.7,10,8.6,7.9,7.1,7.1,7.3,7.3,7.5,7.8,8.8
"431","2021-04-18 15:00",1014.5,14.4,13.6,12.5,10.7,10,8.6,7.9,7.1,7.1,7.3,7.3,7.5,9.8
"432","2021-04-18 16:00",1779.2,15.4,14.4,13.6,12.5,10.7,10,8.6,7.9,7.1,7.1,7.3,7.3,11.1
"433","2021-04-19 13:00",1029.868,17,14.5,13.2,10.2,8.1,6.1,6.2,7.1,7.2,8,8.4,8.7,8.1
"434","2021-04-19 14:00",1091.91,18,17,14.5,13.2,10.2,8.1,6.1,6.2,7.1,7.2,8,8.4,10.5
"435","2021-04-19 15:00",834.8,18.5,18,17,14.5,13.2,10.2,8.1,6.1,6.2,7.1,7.2,8,12.6
"436","2021-04-19 16:00",1020.311,19.1,18.5,18,17,14.5,13.2,10.2,8.1,6.1,6.2,7.1,7.2,14.9
"437","2021-04-20 13:00",1023.48,19.1,16.5,15,12.4,10.1,8,7.8,8.5,9.5,10.2,10.9,11.5,10.2
"438","2021-04-20 14:00",923.69,21,19.1,16.5,15,12.4,10.1,8,7.8,8.5,9.5,10.2,10.9,12.5
"439","2021-04-20 15:00",897.26,21.8,21,19.1,16.5,15,12.4,10.1,8,7.8,8.5,9.5,10.2,14.6
"440","2021-04-20 16:00",1106.97,21.7,21.8,21,19.1,16.5,15,12.4,10.1,8,7.8,8.5,9.5,16.9
"441","2021-04-21 13:00",1178.8,22.7,19.9,17.9,15.1,12.9,10.3,10,10.6,11,11.5,12.2,12.7,12.8
"442","2021-04-21 14:00",836.91,24.7,22.7,19.9,17.9,15.1,12.9,10.3,10,10.6,11,11.5,12.2,15.3
"443","2021-04-21 15:00",1279.29,26.2,24.7,22.7,19.9,17.9,15.1,12.9,10.3,10,10.6,11,11.5,17.6
"444","2021-04-21 16:00",1225.47,27.9,26.2,24.7,22.7,19.9,17.9,15.1,12.9,10.3,10,10.6,11,20.2
"445","2021-04-22 13:00",796.34,25,22.4,20.8,19.2,17.9,17,17.5,17.4,17,17.1,17.4,17.7,18
"446","2021-04-22 14:00",981.08,27.2,25,22.4,20.8,19.2,17.9,17,17.5,17.4,17,17.1,17.4,19.3
"447","2021-04-22 15:00",756.36,27.7,27.2,25,22.4,20.8,19.2,17.9,17,17.5,17.4,17,17.1,20.8
"448","2021-04-22 16:00",1280.11,28,27.7,27.2,25,22.4,20.8,19.2,17.9,17,17.5,17.4,17,22.7
"449","2021-04-23 13:00",1142.37,21.6,20.6,19.1,18.4,18.4,18.6,17.9,18.2,18.8,18.4,18.6,18.8,18.5
"450","2021-04-23 14:00",752.41,21.6,21.6,20.6,19.1,18.4,18.4,18.6,17.9,18.2,18.8,18.4,18.6,18.6
"451","2021-04-23 15:00",773.09,22.6,21.6,21.6,20.6,19.1,18.4,18.4,18.6,17.9,18.2,18.8,18.4,19.4
"452","2021-04-23 16:00",1338.26,22.6,22.6,21.6,21.6,20.6,19.1,18.4,18.4,18.6,17.9,18.2,18.8,20.4
"453","2021-04-24 13:00",1129.48,20.9,19.8,18.5,17.2,16.4,16.1,16,16.2,16.5,17.3,17.7,17.9,16.6
"454","2021-04-24 14:00",854.89,21.5,20.9,19.8,18.5,17.2,16.4,16.1,16,16.2,16.5,17.3,17.7,17.4
"455","2021-04-24 15:00",1262.66,21.3,21.5,20.9,19.8,18.5,17.2,16.4,16.1,16,16.2,16.5,17.3,18.5
"456","2021-04-24 16:00",1052.01,22.1,21.3,21.5,20.9,19.8,18.5,17.2,16.4,16.1,16,16.2,16.5,19.7
"457","2021-04-25 13:00",854.95,19.9,18.6,17.9,16.3,15.1,14.6,13.6,13.4,14.2,14.6,15,15.9,15.3
"458","2021-04-25 14:00",1251.53,21.1,19.9,18.6,17.9,16.3,15.1,14.6,13.6,13.4,14.2,14.6,15,16.4
"459","2021-04-25 15:00",1365.42,21.9,21.1,19.9,18.6,17.9,16.3,15.1,14.6,13.6,13.4,14.2,14.6,17.6
"460","2021-04-25 16:00",1355.24,23.4,21.9,21.1,19.9,18.6,17.9,16.3,15.1,14.6,13.6,13.4,14.2,18.8
"461","2021-04-26 13:00",1202.76,18.6,17.6,16.7,15.6,14.1,13.2,12.9,13.7,14.6,15.2,15.9,16.1,14.3
"462","2021-04-26 14:00",1142.13,19,18.6,17.6,16.7,15.6,14.1,13.2,12.9,13.7,14.6,15.2,15.9,15.5
"463","2021-04-26 15:00",1090.53,19.7,19,18.6,17.6,16.7,15.6,14.1,13.2,12.9,13.7,14.6,15.2,16.6
"464","2021-04-26 16:00",1126.39,20.4,19.7,19,18.6,17.6,16.7,15.6,14.1,13.2,12.9,13.7,14.6,17.6
"465","2021-04-27 13:00",744.4,17.7,17,15.9,15,14.5,14.2,14,14,13.7,14.2,14.3,14.5,14.6
"466","2021-04-27 14:00",792.39,18.2,17.7,17,15.9,15,14.5,14.2,14,14,13.7,14.2,14.3,15.1
"467","2021-04-27 15:00",992.64,19.1,18.2,17.7,17,15.9,15,14.5,14.2,14,14,13.7,14.2,16
"468","2021-04-27 16:00",1033.55,19.9,19.1,18.2,17.7,17,15.9,15,14.5,14.2,14,14,13.7,16.9
"469","2021-04-28 13:00",755.03,16.6,15.3,14,13,12.4,11.8,11.8,12.3,12.7,13,13.5,14,12.4
"470","2021-04-28 14:00",940.84,18,16.6,15.3,14,13,12.4,11.8,11.8,12.3,12.7,13,13.5,13.1
"471","2021-04-28 15:00",1069.92,18.4,18,16.6,15.3,14,13,12.4,11.8,11.8,12.3,12.7,13,14.1
"472","2021-04-28 16:00",1286.171,18.4,18.4,18,16.6,15.3,14,13,12.4,11.8,11.8,12.3,12.7,15.3
"473","2021-04-29 13:00",964.36,15.9,14.8,14.6,13.7,13.4,12.8,12.4,12.6,12.6,12.4,13,14.2,13.3
"474","2021-04-29 14:00",956.54,17.1,15.9,14.8,14.6,13.7,13.4,12.8,12.4,12.6,12.6,12.4,13,13.9
"475","2021-04-29 15:00",1116.25,17.9,17.1,15.9,14.8,14.6,13.7,13.4,12.8,12.4,12.6,12.6,12.4,14.4
"476","2021-04-29 16:00",1261.23,18.9,17.9,17.1,15.9,14.8,14.6,13.7,13.4,12.8,12.4,12.6,12.6,15.1
"477","2021-04-30 13:00",1284,13.7,12.7,11.7,10.2,9.6,9.4,9.2,8.9,9.1,9.7,10.4,10.9,9.7
"478","2021-04-30 14:00",1239.442,13.5,13.7,12.7,11.7,10.2,9.6,9.4,9.2,8.9,9.1,9.7,10.4,10.5
"479","2021-04-30 15:00",1020.95,13.4,13.5,13.7,12.7,11.7,10.2,9.6,9.4,9.2,8.9,9.1,9.7,11.5
"480","2021-04-30 16:00",1754.62,13.1,13.4,13.5,13.7,12.7,11.7,10.2,9.6,9.4,9.2,8.9,9.1,12.7
"481","2021-05-01 13:00",1033.15,14.1,13.3,11.9,11.4,10.9,10.5,10.3,10.6,10.8,10.8,11,11,10.9
"482","2021-05-01 14:00",1396.2,14.5,14.1,13.3,11.9,11.4,10.9,10.5,10.3,10.6,10.8,10.8,11,11.4
"483","2021-05-01 15:00",1110.58,14.2,14.5,14.1,13.3,11.9,11.4,10.9,10.5,10.3,10.6,10.8,10.8,12.2
"484","2021-05-01 16:00",1260.95,10.6,14.2,14.5,14.1,13.3,11.9,11.4,10.9,10.5,10.3,10.6,10.8,13.1
"485","2021-05-02 13:00",1470.12,15.7,13.8,12.3,10.1,9.2,8.1,7.9,8.3,8.4,8.3,8.4,8.4,9.1
"486","2021-05-02 14:00",1294.06,17.1,15.7,13.8,12.3,10.1,9.2,8.1,7.9,8.3,8.4,8.3,8.4,10.5
"487","2021-05-02 15:00",1191.72,18.2,17.1,15.7,13.8,12.3,10.1,9.2,8.1,7.9,8.3,8.4,8.3,12.1
"488","2021-05-02 16:00",1289.74,18.8,18.2,17.1,15.7,13.8,12.3,10.1,9.2,8.1,7.9,8.3,8.4,13.9
"489","2021-05-03 13:00",1191.02,17.7,15.8,14.6,11.9,10.4,9.1,8.9,9.6,9.8,9.8,10.1,11,10.5
"490","2021-05-03 14:00",1216.11,19.2,17.7,15.8,14.6,11.9,10.4,9.1,8.9,9.6,9.8,9.8,10.1,12.3
"491","2021-05-03 15:00",1149.44,20,19.2,17.7,15.8,14.6,11.9,10.4,9.1,8.9,9.6,9.8,9.8,14.1
"492","2021-05-03 16:00",1148.68,20.6,20,19.2,17.7,15.8,14.6,11.9,10.4,9.1,8.9,9.6,9.8,16
"493","2021-05-04 13:00",997.49,14.2,13.2,12.5,13.4,13,13.6,13.4,13,12.7,12.4,12.9,13.2,13.3
"494","2021-05-04 14:00",637.74,15.6,14.2,13.2,12.5,13.4,13,13.6,13.4,13,12.7,12.4,12.9,13
"495","2021-05-04 15:00",918.97,15.9,15.6,14.2,13.2,12.5,13.4,13,13.6,13.4,13,12.7,12.4,13
"496","2021-05-04 16:00",989.86,15.8,15.9,15.6,14.2,13.2,12.5,13.4,13,13.6,13.4,13,12.7,13.3
"497","2021-05-06 13:00",1037.16,21,18.9,16.6,13.8,11.7,10.2,9.1,9.2,9.3,8.9,9.6,10.2,11.9
"498","2021-05-06 14:00",1086.12,22.4,21,18.9,16.6,13.8,11.7,10.2,9.1,9.2,9.3,8.9,9.6,14
"499","2021-05-06 15:00",1012.04,23.1,22.4,21,18.9,16.6,13.8,11.7,10.2,9.1,9.2,9.3,8.9,16.4
"500","2021-05-06 16:00",1163.09,22.7,23.1,22.4,21,18.9,16.6,13.8,11.7,10.2,9.1,9.2,9.3,18.8
"501","2021-05-07 13:00",919.22,15.4,14.6,15.4,17,17.1,16.4,16,16.3,14.9,13.8,13.8,14.5,16.8
"502","2021-05-07 14:00",831.7,16.6,15.4,14.6,15.4,17,17.1,16.4,16,16.3,14.9,13.8,13.8,16.5
"503","2021-05-07 15:00",1175.64,17,16.6,15.4,14.6,15.4,17,17.1,16.4,16,16.3,14.9,13.8,15.7
"504","2021-05-07 16:00",1564.13,17.2,17,16.6,15.4,14.6,15.4,17,17.1,16.4,16,16.3,14.9,15.1
"505","2021-05-08 13:00",1147.32,18.6,17.4,15.8,13.2,11.5,10.1,9.8,9.8,10.1,10.4,10.8,11,11.6
"506","2021-05-08 14:00",1362.64,20.1,18.6,17.4,15.8,13.2,11.5,10.1,9.8,9.8,10.1,10.4,10.8,13.5
"507","2021-05-08 15:00",1117.6,20.7,20.1,18.6,17.4,15.8,13.2,11.5,10.1,9.8,9.8,10.1,10.4,15.5
"508","2021-05-08 16:00",929.36,20.6,20.7,20.1,18.6,17.4,15.8,13.2,11.5,10.1,9.8,9.8,10.1,17.3
"509","2021-05-09 13:00",1523.22,20.7,19.3,18.5,16.1,13.2,11.9,11.6,11.8,12.4,13,13.4,13.6,13.7
"510","2021-05-09 14:00",1505.15,21.4,20.7,19.3,18.5,16.1,13.2,11.9,11.6,11.8,12.4,13,13.4,15.9
"511","2021-05-09 15:00",1070.07,21.9,21.4,20.7,19.3,18.5,16.1,13.2,11.9,11.6,11.8,12.4,13,18
"512","2021-05-09 16:00",1538.12,22.3,21.9,21.4,20.7,19.3,18.5,16.1,13.2,11.9,11.6,11.8,12.4,19.5
"513","2021-05-10 13:00",1084.55,14.2,14.1,13.7,14.2,14,13.7,13.6,13.8,12.7,12.3,12.3,13.2,14
"514","2021-05-10 14:00",1034.7,13.4,14.2,14.1,13.7,14.2,14,13.7,13.6,13.8,12.7,12.3,12.3,14
"515","2021-05-10 15:00",1201.61,13.7,13.4,14.2,14.1,13.7,14.2,14,13.7,13.6,13.8,12.7,12.3,14
"516","2021-05-10 16:00",1324.66,14,13.7,13.4,14.2,14.1,13.7,14.2,14,13.7,13.6,13.8,12.7,14
"517","2021-05-11 13:00",774.63,23.3,20.7,18.7,15.8,13.4,11.4,10,9.9,10.3,10.7,10.9,11.5,13.5
"518","2021-05-11 14:00",763.68,24.8,23.3,20.7,18.7,15.8,13.4,11.4,10,9.9,10.3,10.7,10.9,16
"519","2021-05-11 15:00",844.41,25,24.8,23.3,20.7,18.7,15.8,13.4,11.4,10,9.9,10.3,10.7,18.4
"520","2021-05-11 16:00",1219.42,25.8,25,24.8,23.3,20.7,18.7,15.8,13.4,11.4,10,9.9,10.3,20.9
"521","2021-05-12 13:00",946.9,24.7,22.9,21.7,19.7,18.7,18.1,17.9,18.1,18.7,19,19.1,19.1,18.8
"522","2021-05-12 14:00",972.65,25.4,24.7,22.9,21.7,19.7,18.7,18.1,17.9,18.1,18.7,19,19.1,20
"523","2021-05-12 15:00",962.76,26.4,25.4,24.7,22.9,21.7,19.7,18.7,18.1,17.9,18.1,18.7,19,21.4
"524","2021-05-12 16:00",1419.45,27.2,26.4,25.4,24.7,22.9,21.7,19.7,18.7,18.1,17.9,18.1,18.7,23.1
"525","2021-05-13 13:00",1046.52,26.6,24.7,23.3,21,19,17.1,16.6,16.9,17.3,17.9,18.6,19.6,19
"526","2021-05-13 14:00",785.33,28.1,26.6,24.7,23.3,21,19,17.1,16.6,16.9,17.3,17.9,18.6,21.1
"527","2021-05-13 15:00",1185.53,28.8,28.1,26.6,24.7,23.3,21,19,17.1,16.6,16.9,17.3,17.9,23
"528","2021-05-13 16:00",1557.27,29.4,28.8,28.1,26.6,24.7,23.3,21,19,17.1,16.6,16.9,17.3,24.9
"529","2021-05-14 13:00",1042.82,27.5,25.6,24,21.9,20.6,19,17.9,18.3,19.1,19.8,20.6,21.1,20.5
"530","2021-05-14 14:00",970.23,29.2,27.5,25.6,24,21.9,20.6,19,17.9,18.3,19.1,19.8,20.6,22.2
"531","2021-05-14 15:00",1142,29.9,29.2,27.5,25.6,24,21.9,20.6,19,17.9,18.3,19.1,19.8,23.8
"532","2021-05-14 16:00",1332.32,30.6,29.9,29.2,27.5,25.6,24,21.9,20.6,19,17.9,18.3,19.1,25.7
"533","2021-05-15 13:00",1183.43,25.7,24.6,24.8,24,22.4,21.4,21.3,21.6,21.8,22,22.3,22.4,22.6
"534","2021-05-15 14:00",1223.42,25.6,25.7,24.6,24.8,24,22.4,21.4,21.3,21.6,21.8,22,22.3,23.7
"535","2021-05-15 15:00",1414.65,22.3,25.6,25.7,24.6,24.8,24,22.4,21.4,21.3,21.6,21.8,22,24.5
"536","2021-05-15 16:00",1374.046,21.6,22.3,25.6,25.7,24.6,24.8,24,22.4,21.4,21.3,21.6,21.8,25
"537","2021-06-27 13:00",5.69,28.6,26.8,25.6,23.7,22.4,21.7,20.8,20.8,21.1,21.4,21.7,22,22.6
"538","2021-06-30 15:00",38.2,24.5,23.6,26.8,26.7,25.3,24.1,23.3,22.5,22,21.8,22,22.5,25.4
"539","2021-06-30 16:00",61.58,25.4,24.5,23.6,26.8,26.7,25.3,24.1,23.3,22.5,22,21.8,22,26.3
"540","2021-07-01 13:00",1107.37,30.3,28.6,27,25.2,23.9,22.9,22.1,22.3,22.7,23.3,24,24.4,24
"541","2021-07-01 14:00",1278.21,31.2,30.3,28.6,27,25.2,23.9,22.9,22.1,22.3,22.7,23.3,24,25.4
"542","2021-07-01 15:00",1703.084,31.5,31.2,30.3,28.6,27,25.2,23.9,22.9,22.1,22.3,22.7,23.3,26.9
"543","2021-07-01 16:00",1428.61,32,31.5,31.2,30.3,28.6,27,25.2,23.9,22.9,22.1,22.3,22.7,28.6
"544","2021-07-02 13:00",1270.185,29.2,27.3,26.8,25.8,25.7,25.2,24.8,25.1,25.2,25.4,25.7,26.4,25.6
"545","2021-07-02 14:00",1032.75,30.7,29.2,27.3,26.8,25.8,25.7,25.2,24.8,25.1,25.2,25.4,25.7,26.1
"546","2021-07-02 15:00",1621.95,31.6,30.7,29.2,27.3,26.8,25.8,25.7,25.2,24.8,25.1,25.2,25.4,26.6
"547","2021-07-02 16:00",1876.825,32.5,31.6,30.7,29.2,27.3,26.8,25.8,25.7,25.2,24.8,25.1,25.2,27.8
"548","2021-07-03 13:00",1798.34,26.8,26.3,26,24.6,23.4,23.3,23.4,23.7,24.2,24.6,25.3,26,23.8
"549","2021-07-03 14:00",1231.58,26.8,26.8,26.3,26,24.6,23.4,23.3,23.4,23.7,24.2,24.6,25.3,24.7
"550","2021-07-03 15:00",1807.73,26.7,26.8,26.8,26.3,26,24.6,23.4,23.3,23.4,23.7,24.2,24.6,25.6
"551","2021-07-03 16:00",1305.64,26.8,26.7,26.8,26.8,26.3,26,24.6,23.4,23.3,23.4,23.7,24.2,26.4
"552","2021-07-04 13:00",1379.69,22.9,22.8,22.6,22.3,22.4,22.2,21.8,21.5,21.3,21.1,20.8,20.7,22.3
"553","2021-07-04 14:00",1731.983,23,22.9,22.8,22.6,22.3,22.4,22.2,21.8,21.5,21.3,21.1,20.8,22.4
"554","2021-07-04 15:00",1933.18,23.1,23,22.9,22.8,22.6,22.3,22.4,22.2,21.8,21.5,21.3,21.1,22.6
"555","2021-07-04 16:00",2265.69,23.7,23.1,23,22.9,22.8,22.6,22.3,22.4,22.2,21.8,21.5,21.3,22.8
"556","2021-07-05 13:00",1232.61,25.8,24.3,23.4,22.7,22.1,21.5,21.2,21.2,21.1,21.1,21,21.1,22.1
"557","2021-07-05 14:00",863.85,26.7,25.8,24.3,23.4,22.7,22.1,21.5,21.2,21.2,21.1,21.1,21,22.7
"558","2021-07-05 15:00",1333.95,27.1,26.7,25.8,24.3,23.4,22.7,22.1,21.5,21.2,21.2,21.1,21.1,23.5
"559","2021-07-05 16:00",1298.333,27.9,27.1,26.7,25.8,24.3,23.4,22.7,22.1,21.5,21.2,21.2,21.1,24.5
"560","2021-07-06 13:00",1004.27,28.4,27.2,26.3,24.6,23.4,22.5,21.9,22.1,22.2,22.5,23,23.5,23.5
"561","2021-07-06 14:00",1147.33,29.8,28.4,27.2,26.3,24.6,23.4,22.5,21.9,22.1,22.2,22.5,23,24.8
"562","2021-07-06 15:00",1325.96,30.7,29.8,28.4,27.2,26.3,24.6,23.4,22.5,21.9,22.1,22.2,22.5,26
"563","2021-07-06 16:00",1499.21,30.2,30.7,29.8,28.4,27.2,26.3,24.6,23.4,22.5,21.9,22.1,22.2,27.3
"564","2021-07-07 13:00",1026.94,29,28.9,27.5,26.3,25.1,24.4,24.2,24.7,25.4,25.6,25.7,25.9,25.3
"565","2021-07-07 14:00",1505.75,29.2,29,28.9,27.5,26.3,25.1,24.4,24.2,24.7,25.4,25.6,25.7,26.3
"566","2021-07-07 15:00",1134.737,29.5,29.2,29,28.9,27.5,26.3,25.1,24.4,24.2,24.7,25.4,25.6,27.6
"567","2021-07-07 16:00",1606.093,29.2,29.5,29.2,29,28.9,27.5,26.3,25.1,24.4,24.2,24.7,25.4,28.5
"568","2021-07-08 13:00",823.98,29,27.3,26.1,25.4,24.8,24.5,24.3,24.5,24.6,24.8,24.8,24.9,24.9
"569","2021-07-08 14:00",1128.52,30.2,29,27.3,26.1,25.4,24.8,24.5,24.3,24.5,24.6,24.8,24.8,25.4
"570","2021-07-08 15:00",1425.48,30.5,30.2,29,27.3,26.1,25.4,24.8,24.5,24.3,24.5,24.6,24.8,26.3
"571","2021-07-08 16:00",1541.44,31.1,30.5,30.2,29,27.3,26.1,25.4,24.8,24.5,24.3,24.5,24.6,27.5
"572","2021-07-09 13:00",1302.91,27.9,27.5,26.7,26.2,25.5,25,24.7,24.6,24.7,24.8,24.9,25,25.6
"573","2021-07-09 14:00",1156.59,27.8,27.9,27.5,26.7,26.2,25.5,25,24.7,24.6,24.7,24.8,24.9,26.1
"574","2021-07-09 15:00",1346.03,28.4,27.8,27.9,27.5,26.7,26.2,25.5,25,24.7,24.6,24.7,24.8,26.8
"575","2021-07-09 16:00",1392.979,29.4,28.4,27.8,27.9,27.5,26.7,26.2,25.5,25,24.7,24.6,24.7,27.4
"576","2021-07-10 13:00",1513.45,28.7,27.2,25.7,24.7,23.8,22.9,23,24.5,24.5,24.5,24.5,24.5,23.8
"577","2021-07-10 14:00",1468.31,29.7,28.7,27.2,25.7,24.7,23.8,22.9,23,24.5,24.5,24.5,24.5,24.7
"578","2021-07-10 15:00",1927.86,29.6,29.7,28.7,27.2,25.7,24.7,23.8,22.9,23,24.5,24.5,24.5,25.9
"579","2021-07-10 16:00",1700.98,29.3,29.6,29.7,28.7,27.2,25.7,24.7,23.8,22.9,23,24.5,24.5,27.2
"580","2021-07-11 13:00",1438.11,26.8,26.3,25.7,25.1,24.8,24.9,25.4,25.4,25.6,25.7,26,26.2,24.9
"581","2021-07-11 14:00",1559.14,27.2,26.8,26.3,25.7,25.1,24.8,24.9,25.4,25.4,25.6,25.7,26,25.2
"582","2021-07-11 15:00",1541.13,28.5,27.2,26.8,26.3,25.7,25.1,24.8,24.9,25.4,25.4,25.6,25.7,25.7
"583","2021-07-11 16:00",1609.22,28.9,28.5,27.2,26.8,26.3,25.7,25.1,24.8,24.9,25.4,25.4,25.6,26.3
"584","2021-07-12 13:00",959.88,29.7,28.9,27.6,26.9,25.8,24.8,24.4,24.9,24.8,24.6,24.8,24.9,25.8
"585","2021-07-12 14:00",1352.36,30.8,29.7,28.9,27.6,26.9,25.8,24.8,24.4,24.9,24.8,24.6,24.8,26.8
"586","2021-07-12 15:00",1391.92,32,30.8,29.7,28.9,27.6,26.9,25.8,24.8,24.4,24.9,24.8,24.6,27.8
"587","2021-07-12 16:00",1889.18,33.4,32,30.8,29.7,28.9,27.6,26.9,25.8,24.8,24.4,24.9,24.8,28.7
"588","2021-07-13 13:00",1439.51,31.6,30.5,30,29.1,28.5,27.6,27.4,27.5,27.6,28,28.2,28.5,28.4
"589","2021-07-13 14:00",1424.1,31.3,31.6,30.5,30,29.1,28.5,27.6,27.4,27.5,27.6,28,28.2,29.2
"590","2021-07-13 15:00",1430.63,32,31.3,31.6,30.5,30,29.1,28.5,27.6,27.4,27.5,27.6,28,29.9
"591","2021-07-13 16:00",2161.34,32.1,32,31.3,31.6,30.5,30,29.1,28.5,27.6,27.4,27.5,27.6,30.7
"592","2021-07-14 13:00",1484.95,32,31.6,30.9,29.7,29.2,28.3,27.9,27.9,26.9,27.4,28.2,29,29.1
"593","2021-07-14 14:00",1116.52,32.7,32,31.6,30.9,29.7,29.2,28.3,27.9,27.9,26.9,27.4,28.2,29.9
"594","2021-07-14 15:00",1023.8,32.7,32.7,32,31.6,30.9,29.7,29.2,28.3,27.9,27.9,26.9,27.4,30.7
"595","2021-07-14 16:00",1521.3,33.2,32.7,32.7,32,31.6,30.9,29.7,29.2,28.3,27.9,27.9,26.9,31.5
"596","2021-07-15 13:00",1381.42,32.9,33.1,31.7,29.8,28.6,27.7,27.1,27.3,27.9,28.5,28.9,29.3,28.7
"597","2021-07-15 14:00",1070.77,34.2,32.9,33.1,31.7,29.8,28.6,27.7,27.1,27.3,27.9,28.5,28.9,30
"598","2021-07-15 15:00",1351.84,34.7,34.2,32.9,33.1,31.7,29.8,28.6,27.7,27.1,27.3,27.9,28.5,31.5
"599","2021-07-15 16:00",1386.165,32.2,34.7,34.2,32.9,33.1,31.7,29.8,28.6,27.7,27.1,27.3,27.9,32.6
"600","2021-07-16 13:00",1190.21,32.8,31.4,29.7,27.7,26.1,25,24.6,24.7,24.9,25.2,25.6,26,26.3
"601","2021-07-16 14:00",1297.72,34,32.8,31.4,29.7,27.7,26.1,25,24.6,24.7,24.9,25.2,25.6,27.8
"602","2021-07-16 15:00",1183.34,34.7,34,32.8,31.4,29.7,27.7,26.1,25,24.6,24.7,24.9,25.2,29.6
"603","2021-07-16 16:00",1686.97,35.9,34.7,34,32.8,31.4,29.7,27.7,26.1,25,24.6,24.7,24.9,31.3
"604","2021-07-17 13:00",1465.17,31.6,30.7,29.9,28,27,26.3,25.9,26.1,26.2,26.3,26.6,26.7,27.1
"605","2021-07-17 14:00",1498.29,32.2,31.6,30.7,29.9,28,27,26.3,25.9,26.1,26.2,26.3,26.6,28.3
"606","2021-07-17 15:00",1305.16,33.2,32.2,31.6,30.7,29.9,28,27,26.3,25.9,26.1,26.2,26.3,29.5
"607","2021-07-17 16:00",1551.28,33.5,33.2,32.2,31.6,30.7,29.9,28,27,26.3,25.9,26.1,26.2,30.7
"608","2021-07-18 13:00",1611.21,31.4,30.9,30.3,29,28,27.3,27,27.3,27.7,28.1,28.2,28.5,28.1
"609","2021-07-18 14:00",1349.1,32.1,31.4,30.9,30.3,29,28,27.3,27,27.3,27.7,28.1,28.2,29.1
"610","2021-07-18 15:00",1781.87,32.9,32.1,31.4,30.9,30.3,29,28,27.3,27,27.3,27.7,28.1,30.1
"611","2021-07-18 16:00",1612.93,34.3,32.9,32.1,31.4,30.9,30.3,29,28,27.3,27,27.3,27.7,30.9
"612","2021-07-19 13:00",1237.44,31,30.4,30.2,29.2,28,27.3,26.9,27.1,27.4,27.7,27.9,28.1,28.2
"613","2021-07-19 14:00",1226.71,31.2,31,30.4,30.2,29.2,28,27.3,26.9,27.1,27.4,27.7,27.9,29.1
"614","2021-07-19 15:00",1345.672,31.3,31.2,31,30.4,30.2,29.2,28,27.3,26.9,27.1,27.4,27.7,29.9
"615","2021-07-19 16:00",997.1,25.8,31.3,31.2,31,30.4,30.2,29.2,28,27.3,26.9,27.1,27.4,30.5
"616","2021-07-20 13:00",1439.71,32.3,30.9,29.6,27.3,26.2,25.3,24.8,24.7,24.9,25.2,25.3,25.4,26.3
"617","2021-07-20 14:00",1407.18,33.4,32.3,30.9,29.6,27.3,26.2,25.3,24.8,24.7,24.9,25.2,25.3,27.7
"618","2021-07-20 15:00",1055.558,33.5,33.4,32.3,30.9,29.6,27.3,26.2,25.3,24.8,24.7,24.9,25.2,29.3
"619","2021-07-20 16:00",1661.82,33.7,33.5,33.4,32.3,30.9,29.6,27.3,26.2,25.3,24.8,24.7,24.9,30.9
"620","2021-07-21 13:00",1583.95,34.3,32.8,31.1,29.4,28,27,26.4,26.6,27,27.5,27.7,28.2,28.1
"621","2021-07-21 14:00",1443.78,35.7,34.3,32.8,31.1,29.4,28,27,26.4,26.6,27,27.5,27.7,29.5
"622","2021-07-21 15:00",1205.46,36.3,35.7,34.3,32.8,31.1,29.4,28,27,26.4,26.6,27,27.5,31.1
"623","2021-07-21 16:00",1817.42,37,36.3,35.7,34.3,32.8,31.1,29.4,28,27,26.4,26.6,27,32.7
"624","2021-07-22 13:00",1348.75,34.3,33,31.6,29.7,28.9,28.1,28,28.3,28.7,29.2,29.5,29.8,28.9
"625","2021-07-22 14:00",1323.93,35.8,34.3,33,31.6,29.7,28.9,28.1,28,28.3,28.7,29.2,29.5,30.1
"626","2021-07-22 15:00",1444.03,36.8,35.8,34.3,33,31.6,29.7,28.9,28.1,28,28.3,28.7,29.2,31.4
"627","2021-07-22 16:00",1561.94,37.5,36.8,35.8,34.3,33,31.6,29.7,28.9,28.1,28,28.3,28.7,33
"628","2021-07-23 13:00",1541.2,34.2,32.9,31.4,29.9,28.9,28.3,28.3,28.8,29.2,29.7,30.4,30.7,29
"629","2021-07-23 14:00",1208.486,34.9,34.2,32.9,31.4,29.9,28.9,28.3,28.3,28.8,29.2,29.7,30.4,30.1
"630","2021-07-23 15:00",1373.44,35.9,34.9,34.2,32.9,31.4,29.9,28.9,28.3,28.3,28.8,29.2,29.7,31.4
"631","2021-07-23 16:00",2114.08,36.4,35.9,34.9,34.2,32.9,31.4,29.9,28.9,28.3,28.3,28.8,29.2,32.8
"632","2021-07-24 13:00",1256.44,35,33.9,32.7,30.7,29.3,28.6,28.2,28.4,28.7,29.2,29.8,30.6,29.5
"633","2021-07-24 14:00",1694.81,35.9,35,33.9,32.7,30.7,29.3,28.6,28.2,28.4,28.7,29.2,29.8,30.9
"634","2021-07-24 15:00",1316.545,36.7,35.9,35,33.9,32.7,30.7,29.3,28.6,28.2,28.4,28.7,29.2,32.4
"635","2021-07-24 16:00",1846.86,37.7,36.7,35.9,35,33.9,32.7,30.7,29.3,28.6,28.2,28.4,28.7,33.9
"636","2021-07-25 13:00",1671.77,34.6,33.7,32.5,30.7,29.5,29.1,28.8,29,29.2,29.7,30.1,30.9,29.8
"637","2021-07-25 14:00",1836.5,34.6,34.6,33.7,32.5,30.7,29.5,29.1,28.8,29,29.2,29.7,30.1,30.9
"638","2021-07-25 15:00",1535.35,35.6,34.6,34.6,33.7,32.5,30.7,29.5,29.1,28.8,29,29.2,29.7,32.3
"639","2021-07-25 16:00",2071.52,36,35.6,34.6,34.6,33.7,32.5,30.7,29.5,29.1,28.8,29,29.2,33.6
"640","2021-07-26 13:00",1243.04,34.1,32.6,32,30.6,29.6,28.7,28.6,29.1,29.4,29.9,30.4,30.7,29.6
"641","2021-07-26 14:00",1393.92,34.4,34.1,32.6,32,30.6,29.6,28.7,28.6,29.1,29.4,29.9,30.4,30.7
"642","2021-07-26 15:00",1545.08,35.2,34.4,34.1,32.6,32,30.6,29.6,28.7,28.6,29.1,29.4,29.9,31.7
"643","2021-07-26 16:00",1829.519,36,35.2,34.4,34.1,32.6,32,30.6,29.6,28.7,28.6,29.1,29.4,32.9
"644","2021-07-27 13:00",1296.14,35,33.2,32.6,30.9,30.3,29.7,29.4,29.7,29.7,30,30.2,30.6,30.3
"645","2021-07-27 14:00",1189.29,36.2,35,33.2,32.6,30.9,30.3,29.7,29.4,29.7,29.7,30,30.2,31.3
"646","2021-07-27 15:00",1548.56,37.1,36.2,35,33.2,32.6,30.9,30.3,29.7,29.4,29.7,29.7,30,32.2
"647","2021-07-27 16:00",1776.818,38.3,37.1,36.2,35,33.2,32.6,30.9,30.3,29.7,29.4,29.7,29.7,33.6
"648","2021-07-28 13:00",1162.71,34.5,32.6,31.3,29.9,29.2,28.6,28.3,28.5,28.6,29.1,29.5,29.8,29.2
"649","2021-07-28 14:00",1322.26,35,34.5,32.6,31.3,29.9,29.2,28.6,28.3,28.5,28.6,29.1,29.5,30.1
"650","2021-07-28 15:00",1426.99,35.2,35,34.5,32.6,31.3,29.9,29.2,28.6,28.3,28.5,28.6,29.1,31.3
"651","2021-07-28 16:00",1580.2,34.8,35.2,35,34.5,32.6,31.3,29.9,29.2,28.6,28.3,28.5,28.6,32.8
"652","2021-07-29 13:00",1283.63,32.8,31.4,30.4,29.5,28.8,28.4,28.3,28.5,28.9,29.4,29.6,30,28.9
"653","2021-07-29 14:00",1375.16,34.2,32.8,31.4,30.4,29.5,28.8,28.4,28.3,28.5,28.9,29.4,29.6,29.6
"654","2021-07-29 15:00",1456.25,34.6,34.2,32.8,31.4,30.4,29.5,28.8,28.4,28.3,28.5,28.9,29.4,30.4
"655","2021-07-29 16:00",1642.44,33.8,34.6,34.2,32.8,31.4,30.4,29.5,28.8,28.4,28.3,28.5,28.9,31.5
"656","2021-07-30 13:00",1589.893,33.2,32,31.5,29.8,28.8,27.5,27.6,27.7,28,28.5,28.7,28.9,28.7
"657","2021-07-30 14:00",1165.88,34,33.2,32,31.5,29.8,28.8,27.5,27.6,27.7,28,28.5,28.7,30
"658","2021-07-30 15:00",1473.074,34.6,34,33.2,32,31.5,29.8,28.8,27.5,27.6,27.7,28,28.5,31.1
"659","2021-07-30 16:00",1746.56,35.3,34.6,34,33.2,32,31.5,29.8,28.8,27.5,27.6,27.7,28,32.2
"660","2021-07-31 13:00",1525.84,31.6,30.8,29.4,29,28,27.5,27.3,27.5,27.4,27.3,28.7,29.5,28.2
"661","2021-07-31 14:00",1188.67,33,31.6,30.8,29.4,29,28,27.5,27.3,27.5,27.4,27.3,28.7,28.8
"662","2021-07-31 15:00",2094.58,32.8,33,31.6,30.8,29.4,29,28,27.5,27.3,27.5,27.4,27.3,29.7
"663","2021-07-31 16:00",1625.09,34.1,32.8,33,31.6,30.8,29.4,29,28,27.5,27.3,27.5,27.4,30.6
"664","2021-08-01 13:00",1861.29,28.5,27.2,27.4,28.6,28.7,28.3,28.3,28.5,28.6,28.7,28.7,28.9,28.5
"665","2021-08-01 14:00",1964.31,28.9,28.5,27.2,27.4,28.6,28.7,28.3,28.3,28.5,28.6,28.7,28.7,28.2
"666","2021-08-01 15:00",1416.99,28.3,28.9,28.5,27.2,27.4,28.6,28.7,28.3,28.3,28.5,28.6,28.7,27.7
"667","2021-08-01 16:00",1324.55,28.5,28.3,28.9,28.5,27.2,27.4,28.6,28.7,28.3,28.3,28.5,28.6,27.7
"668","2021-08-02 13:00",1288.17,27.4,27,26.5,25.9,25.8,25.6,25.7,25.7,25.8,25.7,25.6,25.6,25.8
"669","2021-08-02 14:00",1053.11,27.2,27.4,27,26.5,25.9,25.8,25.6,25.7,25.7,25.8,25.7,25.6,26.1
"670","2021-08-02 15:00",1192.28,27.7,27.2,27.4,27,26.5,25.9,25.8,25.6,25.7,25.7,25.8,25.7,26.5
"671","2021-08-02 16:00",1544.95,28.3,27.7,27.2,27.4,27,26.5,25.9,25.8,25.6,25.7,25.7,25.8,27
"672","2021-08-03 13:00",1477.65,30.9,29.8,28.7,27.3,26.4,25.5,25.2,25.3,25.3,25.6,26.2,26.5,26.4
"673","2021-08-03 14:00",1019.77,31.7,30.9,29.8,28.7,27.3,26.4,25.5,25.2,25.3,25.3,25.6,26.2,27.5
"674","2021-08-03 15:00",1135.34,30.6,31.7,30.9,29.8,28.7,27.3,26.4,25.5,25.2,25.3,25.3,25.6,28.6
"675","2021-08-03 16:00",1368.92,32.3,30.6,31.7,30.9,29.8,28.7,27.3,26.4,25.5,25.2,25.3,25.3,29.8
"676","2021-08-04 13:00",1412.58,32.5,31,30.2,29.3,28.4,27.9,27.7,27.9,28,28.2,28.3,28.6,28.5
"677","2021-08-04 14:00",1357.39,32.9,32.5,31,30.2,29.3,28.4,27.9,27.7,27.9,28,28.2,28.3,29.3
"678","2021-08-04 15:00",1185.34,33,32.9,32.5,31,30.2,29.3,28.4,27.9,27.7,27.9,28,28.2,30.2
"679","2021-08-04 16:00",1273.094,33.8,33,32.9,32.5,31,30.2,29.3,28.4,27.9,27.7,27.9,28,31.2
"680","2021-08-05 13:00",1515.66,32.9,31.9,31.3,29.1,27.9,27.2,27.1,27.1,27.2,27.1,27.3,27.9,28.1
"681","2021-08-05 14:00",1418.56,33.8,32.9,31.9,31.3,29.1,27.9,27.2,27.1,27.1,27.2,27.1,27.3,29.4
"682","2021-08-05 15:00",1729.36,34.1,33.8,32.9,31.9,31.3,29.1,27.9,27.2,27.1,27.1,27.2,27.1,30.8
"683","2021-08-05 16:00",1777.73,33.8,34.1,33.8,32.9,31.9,31.3,29.1,27.9,27.2,27.1,27.1,27.2,32
"684","2021-08-06 13:00",1127.02,33.7,32.2,30.9,29.5,28.6,27.8,27.7,27.9,28.1,28.1,28.5,28.7,28.6
"685","2021-08-06 14:00",1446.73,33.4,33.7,32.2,30.9,29.5,28.6,27.8,27.7,27.9,28.1,28.1,28.5,29.7
"686","2021-08-06 15:00",1470.94,30.4,33.4,33.7,32.2,30.9,29.5,28.6,27.8,27.7,27.9,28.1,28.1,30.9
"687","2021-08-06 16:00",1349.51,29.4,30.4,33.4,33.7,32.2,30.9,29.5,28.6,27.8,27.7,27.9,28.1,32.3
"688","2021-08-07 13:00",1448.94,31.1,29.7,28.7,26.6,25.4,25,25,25.1,25.5,25.9,26.6,27,25.7
"689","2021-08-07 14:00",1546.79,31.7,31.1,29.7,28.7,26.6,25.4,25,25,25.1,25.5,25.9,26.6,26.9
"690","2021-08-07 15:00",1603.54,32.1,31.7,31.1,29.7,28.7,26.6,25.4,25,25,25.1,25.5,25.9,28.3
"691","2021-08-07 16:00",1431.54,33,32.1,31.7,31.1,29.7,28.7,26.6,25.4,25,25,25.1,25.5,29.8
"692","2021-08-08 13:00",1693.03,31.8,30.7,29.2,27.9,26.9,26.1,26.4,26.6,26.9,27.2,27.7,27.9,27
"693","2021-08-08 14:00",1630.7,32.5,31.8,30.7,29.2,27.9,26.9,26.1,26.4,26.6,26.9,27.2,27.7,28
"694","2021-08-08 15:00",1100.18,32.8,32.5,31.8,30.7,29.2,27.9,26.9,26.1,26.4,26.6,26.9,27.2,29.3
"695","2021-08-08 16:00",1460.56,31.7,32.8,32.5,31.8,30.7,29.2,27.9,26.9,26.1,26.4,26.6,26.9,30.6
"696","2021-08-09 13:00",1161.71,31,30.2,28.6,27.5,26,25.2,24.3,24.5,24.2,23.9,24.3,24.5,26.2
"697","2021-08-09 14:00",1619.36,32.5,31,30.2,28.6,27.5,26,25.2,24.3,24.5,24.2,23.9,24.3,27.4
"698","2021-08-09 15:00",1286.872,33,32.5,31,30.2,28.6,27.5,26,25.2,24.3,24.5,24.2,23.9,28.8
"699","2021-08-09 16:00",1226.19,33.7,33,32.5,31,30.2,28.6,27.5,26,25.2,24.3,24.5,24.2,29.9
"700","2021-08-10 13:00",926.751,30.8,30,28.7,27.6,26.4,25.6,25.5,25.6,25.9,26.1,26.5,27,26.5
"701","2021-08-10 14:00",1257.66,31.5,30.8,30,28.7,27.6,26.4,25.6,25.5,25.6,25.9,26.1,26.5,27.6
"702","2021-08-10 15:00",1197.88,32.6,31.5,30.8,30,28.7,27.6,26.4,25.6,25.5,25.6,25.9,26.1,28.8
"703","2021-08-10 16:00",1523.75,33.1,32.6,31.5,30.8,30,28.7,27.6,26.4,25.6,25.5,25.6,25.9,29.8
"704","2021-08-11 13:00",1478.48,30.1,28.1,27.8,26.7,25.8,25.6,25.7,25.9,26.1,26.2,26.4,27,26
"705","2021-08-11 14:00",1190.23,30.7,30.1,28.1,27.8,26.7,25.8,25.6,25.7,25.9,26.1,26.2,26.4,26.8
"706","2021-08-11 15:00",1587.16,30.9,30.7,30.1,28.1,27.8,26.7,25.8,25.6,25.7,25.9,26.1,26.2,27.5
"707","2021-08-11 16:00",1790.16,30.2,30.9,30.7,30.1,28.1,27.8,26.7,25.8,25.6,25.7,25.9,26.1,28.7
"708","2021-08-12 13:00",1395.71,31.2,29.9,28.7,27.4,26.2,25.5,25.5,25.7,26,26.5,26.9,27.1,26.4
"709","2021-08-12 14:00",928.21,31.9,31.2,29.9,28.7,27.4,26.2,25.5,25.5,25.7,26,26.5,26.9,27.4
"710","2021-08-12 15:00",1331.31,32,31.9,31.2,29.9,28.7,27.4,26.2,25.5,25.5,25.7,26,26.5,28.7
"711","2021-08-12 16:00",1478.09,32.1,32,31.9,31.2,29.9,28.7,27.4,26.2,25.5,25.5,25.7,26,29.9
"712","2021-08-13 13:00",1416.05,28.1,27.4,26.7,26.2,25.2,24.3,23.7,23.7,23.7,23.5,23.4,23.5,25.2
"713","2021-08-13 14:00",1178.25,28.7,28.1,27.4,26.7,26.2,25.2,24.3,23.7,23.7,23.7,23.5,23.4,26
"714","2021-08-13 15:00",1606.67,29.1,28.7,28.1,27.4,26.7,26.2,25.2,24.3,23.7,23.7,23.7,23.5,26.8
"715","2021-08-13 16:00",1891.11,29.9,29.1,28.7,28.1,27.4,26.7,26.2,25.2,24.3,23.7,23.7,23.7,27.4
"716","2021-08-14 13:00",1133.36,28.4,27.2,26.5,26,25.5,24.9,24.8,25.1,25.6,25.9,26.4,26.7,25.5
"717","2021-08-14 14:00",1281.94,29.2,28.4,27.2,26.5,26,25.5,24.9,24.8,25.1,25.6,25.9,26.4,26
"718","2021-08-14 15:00",1414.45,30.1,29.2,28.4,27.2,26.5,26,25.5,24.9,24.8,25.1,25.6,25.9,26.6
"719","2021-08-14 16:00",1578.18,30.8,30.1,29.2,28.4,27.2,26.5,26,25.5,24.9,24.8,25.1,25.6,27.4
"720","2021-08-15 13:00",1347.418,29.4,27.8,26.8,25.2,23.9,23.4,23.3,23.3,23.5,24.1,24.5,24.7,24.2
"721","2021-08-15 14:00",1427.84,30.5,29.4,27.8,26.8,25.2,23.9,23.4,23.3,23.3,23.5,24.1,24.5,25.3
"722","2021-08-15 15:00",1770.413,31.4,30.5,29.4,27.8,26.8,25.2,23.9,23.4,23.3,23.3,23.5,24.1,26.6
"723","2021-08-15 16:00",1772.56,32.3,31.4,30.5,29.4,27.8,26.8,25.2,23.9,23.4,23.3,23.3,23.5,28
"724","2021-08-16 13:00",1140.585,29.6,28.2,26.9,25.2,24.1,23.5,23.6,24.1,24.5,24.9,25.7,26.7,24.3
"725","2021-08-16 14:00",1449.63,30.6,29.6,28.2,26.9,25.2,24.1,23.5,23.6,24.1,24.5,24.9,25.7,25.4
"726","2021-08-16 15:00",1469.98,31.6,30.6,29.6,28.2,26.9,25.2,24.1,23.5,23.6,24.1,24.5,24.9,26.8
"727","2021-08-16 16:00",1917.7,32.6,31.6,30.6,29.6,28.2,26.9,25.2,24.1,23.5,23.6,24.1,24.5,28.2
"728","2021-08-17 13:00",1259.49,29.9,28.1,27.2,26,24.9,24.3,24.2,24.3,24.6,25.1,25.7,27.1,25.1
"729","2021-08-17 14:00",909.21,30.7,29.9,28.1,27.2,26,24.9,24.3,24.2,24.3,24.6,25.1,25.7,26
"730","2021-08-17 15:00",1036.09,30.8,30.7,29.9,28.1,27.2,26,24.9,24.3,24.2,24.3,24.6,25.1,27.1
"731","2021-08-17 16:00",1507.7,31.2,30.8,30.7,29.9,28.1,27.2,26,24.9,24.3,24.2,24.3,24.6,28.4
"732","2021-08-18 13:00",1150.66,25.9,24,21.7,21,21.3,22.6,22.6,22.7,22.8,22.6,22.6,22.6,21.6
"733","2021-08-18 14:00",896.81,27.7,25.9,24,21.7,21,21.3,22.6,22.6,22.7,22.8,22.6,22.6,21.3
"734","2021-08-18 15:00",1126.43,29.7,27.7,25.9,24,21.7,21,21.3,22.6,22.6,22.7,22.8,22.6,22.2
"735","2021-08-18 16:00",1471.514,30.8,29.7,27.7,25.9,24,21.7,21,21.3,22.6,22.6,22.7,22.8,23.9
"736","2021-08-19 13:00",1190.65,28.4,26.4,26.2,24.5,23.2,22.5,22.3,22.5,22.8,23.3,23.5,23.8,23.4
"737","2021-08-19 14:00",1107.75,29.9,28.4,26.4,26.2,24.5,23.2,22.5,22.3,22.5,22.8,23.3,23.5,24.6
"738","2021-08-19 15:00",1043.84,31.1,29.9,28.4,26.4,26.2,24.5,23.2,22.5,22.3,22.5,22.8,23.3,25.7
"739","2021-08-19 16:00",1545.98,31.5,31.1,29.9,28.4,26.4,26.2,24.5,23.2,22.5,22.3,22.5,22.8,27
"740","2021-08-20 13:00",1275.364,29.1,27.8,27.5,25.5,24.6,23.7,23.7,24.2,25.1,25.6,25.8,26.2,24.6
"741","2021-08-20 14:00",774.74,29.6,29.1,27.8,27.5,25.5,24.6,23.7,23.7,24.2,25.1,25.6,25.8,25.9
"742","2021-08-20 15:00",1332.8,29.8,29.6,29.1,27.8,27.5,25.5,24.6,23.7,23.7,24.2,25.1,25.6,26.9
"743","2021-08-20 16:00",1428.402,29.6,29.8,29.6,29.1,27.8,27.5,25.5,24.6,23.7,23.7,24.2,25.1,28.1
"744","2021-08-21 13:00",1099.6,22.5,23.2,23.4,24.5,25.2,25.3,25.5,25.5,25.4,25,24.8,25.2,25
"745","2021-08-21 14:00",1393.36,22.2,22.5,23.2,23.4,24.5,25.2,25.3,25.5,25.5,25.4,25,24.8,24.4
"746","2021-08-21 15:00",1550.29,22.5,22.2,22.5,23.2,23.4,24.5,25.2,25.3,25.5,25.5,25.4,25,23.7
"747","2021-08-21 16:00",1915.42,25.2,22.5,22.2,22.5,23.2,23.4,24.5,25.2,25.3,25.5,25.5,25.4,23
"748","2021-08-22 13:00",1520.24,26.6,26.1,25.7,25.2,24.4,23.8,23.6,23.7,24,24.1,24.1,24.1,24.5
"749","2021-08-22 14:00",1779,27.7,26.6,26.1,25.7,25.2,24.4,23.8,23.6,23.7,24,24.1,24.1,25.1
"750","2021-08-22 15:00",1818.72,27.5,27.7,26.6,26.1,25.7,25.2,24.4,23.8,23.6,23.7,24,24.1,25.7
"751","2021-08-22 16:00",1398.67,26.9,27.5,27.7,26.6,26.1,25.7,25.2,24.4,23.8,23.6,23.7,24,26.1
"752","2021-08-23 13:00",963.86,25.3,24.9,24.5,23.9,23.4,22.9,22.9,22.9,22.7,22.9,23,23.4,23.4
"753","2021-08-23 14:00",760.92,25,25.3,24.9,24.5,23.9,23.4,22.9,22.9,22.9,22.7,22.9,23,23.9
"754","2021-08-23 15:00",1082.72,24.7,25,25.3,24.9,24.5,23.9,23.4,22.9,22.9,22.9,22.7,22.9,24.4
"755","2021-08-23 16:00",1124.49,24.4,24.7,25,25.3,24.9,24.5,23.9,23.4,22.9,22.9,22.9,22.7,24.9
"756","2021-08-24 13:00",891.99,25.2,24.8,23.4,23.3,22.8,22.2,21.9,21.8,22.1,22.4,22.3,22.3,22.8
"757","2021-08-24 14:00",1177.92,25,25.2,24.8,23.4,23.3,22.8,22.2,21.9,21.8,22.1,22.4,22.3,23.2
"758","2021-08-24 15:00",1330.44,25.5,25,25.2,24.8,23.4,23.3,22.8,22.2,21.9,21.8,22.1,22.4,23.8
"759","2021-08-24 16:00",1435.42,27.7,25.5,25,25.2,24.8,23.4,23.3,22.8,22.2,21.9,21.8,22.1,24.5
"760","2021-08-25 13:00",1206.99,26.1,26.2,25.7,25,24.3,24.1,24.1,24.3,24.5,24.6,24.7,24.9,24.5
"761","2021-08-25 14:00",950.54,25.8,26.1,26.2,25.7,25,24.3,24.1,24.1,24.3,24.5,24.6,24.7,25
"762","2021-08-25 15:00",1073.63,26.5,25.8,26.1,26.2,25.7,25,24.3,24.1,24.1,24.3,24.5,24.6,25.6
"763","2021-08-25 16:00",1448.03,27.5,26.5,25.8,26.1,26.2,25.7,25,24.3,24.1,24.1,24.3,24.5,26
"764","2021-08-26 13:00",1113.66,26.5,26.2,25.8,25.3,24.5,23.6,23.3,23.6,24,24.4,24.1,23.9,24.5
"765","2021-08-26 14:00",962.58,26.8,26.5,26.2,25.8,25.3,24.5,23.6,23.3,23.6,24,24.4,24.1,25.2
"766","2021-08-26 15:00",1222.49,27.9,26.8,26.5,26.2,25.8,25.3,24.5,23.6,23.3,23.6,24,24.4,25.8
"767","2021-08-26 16:00",1344.83,28.7,27.9,26.8,26.5,26.2,25.8,25.3,24.5,23.6,23.3,23.6,24,26.2
"768","2021-08-27 13:00",704.89,23.4,23.1,22.9,23.6,24.9,25.3,25.5,25.6,25.8,26,26.1,26.3,24.6
"769","2021-08-27 14:00",957.32,23.7,23.4,23.1,22.9,23.6,24.9,25.3,25.5,25.6,25.8,26,26.1,23.8
"770","2021-08-27 15:00",1024.82,22.6,23.7,23.4,23.1,22.9,23.6,24.9,25.3,25.5,25.6,25.8,26,23.2
"771","2021-08-27 16:00",1642.5,22.2,22.6,23.7,23.4,23.1,22.9,23.6,24.9,25.3,25.5,25.6,25.8,23.1
"772","2021-08-28 13:00",1219.48,26.5,24.6,23.3,22.5,21.8,21.1,21,21.3,21.4,21.4,21.3,21.3,21.8
"773","2021-08-28 14:00",1423.24,27.8,26.5,24.6,23.3,22.5,21.8,21.1,21,21.3,21.4,21.4,21.3,22.5
"774","2021-08-28 15:00",1520.08,28.1,27.8,26.5,24.6,23.3,22.5,21.8,21.1,21,21.3,21.4,21.4,23.5
"775","2021-08-28 16:00",1687.83,29.2,28.1,27.8,26.5,24.6,23.3,22.5,21.8,21.1,21,21.3,21.4,24.8
"776","2021-08-29 13:00",1390.191,24.9,23.5,22.7,22,21.8,22,23.3,23.4,23.4,23.6,23.8,24.3,21.9
"777","2021-08-29 14:00",1505.605,25.4,24.9,23.5,22.7,22,21.8,22,23.3,23.4,23.4,23.6,23.8,22.2
"778","2021-08-29 15:00",1763.94,25.7,25.4,24.9,23.5,22.7,22,21.8,22,23.3,23.4,23.4,23.6,22.7
"779","2021-08-29 16:00",2056.118,25.9,25.7,25.4,24.9,23.5,22.7,22,21.8,22,23.3,23.4,23.4,23.7
"780","2021-08-30 13:00",930.66,26.3,25.8,24.9,24,23.2,22.5,22.4,22.5,22.7,23.3,23.7,23.8,23.2
"781","2021-08-30 14:00",1315.5,27.4,26.3,25.8,24.9,24,23.2,22.5,22.4,22.5,22.7,23.3,23.7,24
"782","2021-08-30 15:00",1378.89,27.9,27.4,26.3,25.8,24.9,24,23.2,22.5,22.4,22.5,22.7,23.3,24.9
"783","2021-08-30 16:00",1205.24,28.1,27.9,27.4,26.3,25.8,24.9,24,23.2,22.5,22.4,22.5,22.7,25.7
"784","2021-08-31 13:00",913.86,23.8,23.8,23.6,23.2,23,22.8,22.7,22.9,22.9,23.1,23.7,24.1,23
"785","2021-08-31 14:00",938.84,21.5,23.8,23.8,23.6,23.2,23,22.8,22.7,22.9,22.9,23.1,23.7,23.3
"786","2021-08-31 15:00",800.18,20.2,21.5,23.8,23.8,23.6,23.2,23,22.8,22.7,22.9,22.9,23.1,23.5
"787","2021-08-31 16:00",1266.78,19.6,20.2,21.5,23.8,23.8,23.6,23.2,23,22.8,22.7,22.9,22.9,23.7
"788","2021-09-01 13:00",1141.39,22.3,21.6,21,20.7,20.2,19.8,19.6,19.4,19.3,19.2,19.2,19.1,20.2
"789","2021-09-01 14:00",1152.43,22.7,22.3,21.6,21,20.7,20.2,19.8,19.6,19.4,19.3,19.2,19.2,20.6
"790","2021-09-01 15:00",1208.85,23.3,22.7,22.3,21.6,21,20.7,20.2,19.8,19.6,19.4,19.3,19.2,21.1
"791","2021-09-01 16:00",1585.47,23.8,23.3,22.7,22.3,21.6,21,20.7,20.2,19.8,19.6,19.4,19.3,21.6
"792","2021-09-02 13:00",1164.62,25.7,24.2,21.8,21.8,21.9,22,22.6,22.8,23.1,23.4,23.7,23.9,21.9
"793","2021-09-02 14:00",1091.8,26.3,25.7,24.2,21.8,21.8,21.9,22,22.6,22.8,23.1,23.4,23.7,21.8
"794","2021-09-02 15:00",1413.37,27.1,26.3,25.7,24.2,21.8,21.8,21.9,22,22.6,22.8,23.1,23.4,22.6
"795","2021-09-02 16:00",1430.63,26.9,27.1,26.3,25.7,24.2,21.8,21.8,21.9,22,22.6,22.8,23.1,23.9
"796","2021-09-03 13:00",1112.51,27.2,25.2,24.4,23.2,22.4,21.9,21.4,21.4,21.7,22.4,23,23.2,22.5
"797","2021-09-03 14:00",1085.87,28.3,27.2,25.2,24.4,23.2,22.4,21.9,21.4,21.4,21.7,22.4,23,23.3
"798","2021-09-03 15:00",1460.06,29.3,28.3,27.2,25.2,24.4,23.2,22.4,21.9,21.4,21.4,21.7,22.4,24.3
"799","2021-09-03 16:00",2020.23,30,29.3,28.3,27.2,25.2,24.4,23.2,22.4,21.9,21.4,21.4,21.7,25.6
"800","2021-09-04 13:00",1593.32,26.7,24.2,23.2,21.8,20.7,20,19.6,19.9,20.4,20.9,21.4,22.2,20.8
"801","2021-09-04 14:00",1802.938,27.6,26.7,24.2,23.2,21.8,20.7,20,19.6,19.9,20.4,20.9,21.4,21.9
"802","2021-09-04 15:00",1454.91,28.5,27.6,26.7,24.2,23.2,21.8,20.7,20,19.6,19.9,20.4,20.9,23.1
"803","2021-09-04 16:00",1576.02,29,28.5,27.6,26.7,24.2,23.2,21.8,20.7,20,19.6,19.9,20.4,24.7
"804","2021-09-06 13:00",1175.03,23.4,22.3,20.6,20.3,20.3,20.6,20.8,21.2,21.7,22.4,23.2,23.8,20.4
"805","2021-09-06 14:00",1139.94,27.4,23.4,22.3,20.6,20.3,20.3,20.6,20.8,21.2,21.7,22.4,23.2,20.4
"806","2021-09-06 15:00",914.39,27,27.4,23.4,22.3,20.6,20.3,20.3,20.6,20.8,21.2,21.7,22.4,21.1
"807","2021-09-06 16:00",2005.14,26.5,27,27.4,23.4,22.3,20.6,20.3,20.3,20.6,20.8,21.2,21.7,22.1
"808","2021-09-07 13:00",829.93,20.4,20.3,19.9,19.9,19.5,19.2,18.8,18.5,18.3,18.2,18.1,18,19.5
"809","2021-09-07 14:00",1294.01,20.9,20.4,20.3,19.9,19.9,19.5,19.2,18.8,18.5,18.3,18.2,18.1,19.8
"810","2021-09-07 15:00",1043.39,21.5,20.9,20.4,20.3,19.9,19.9,19.5,19.2,18.8,18.5,18.3,18.2,20
"811","2021-09-07 16:00",1428.96,21.2,21.5,20.9,20.4,20.3,19.9,19.9,19.5,19.2,18.8,18.5,18.3,20.2
"812","2021-09-08 13:00",1311.07,25.2,22.9,21.6,20.7,19.8,19.3,19.4,19.5,19.6,19.6,20,20.1,19.9
"813","2021-09-08 14:00",1333.96,26.4,25.2,22.9,21.6,20.7,19.8,19.3,19.4,19.5,19.6,19.6,20,20.7
"814","2021-09-08 15:00",1205.25,27.4,26.4,25.2,22.9,21.6,20.7,19.8,19.3,19.4,19.5,19.6,19.6,21.7
"815","2021-09-08 16:00",1417.92,28.1,27.4,26.4,25.2,22.9,21.6,20.7,19.8,19.3,19.4,19.5,19.6,23.2
"816","2021-09-09 13:00",1270.2,25.8,24.2,23.2,22.1,21.2,20.5,20.3,20,19.6,19.8,20.3,21,21.3
"817","2021-09-09 14:00",1368.08,27.3,25.8,24.2,23.2,22.1,21.2,20.5,20.3,20,19.6,19.8,20.3,22.2
"818","2021-09-09 15:00",1450.11,28.5,27.3,25.8,24.2,23.2,22.1,21.2,20.5,20.3,20,19.6,19.8,23.2
"819","2021-09-09 16:00",1569.11,28.9,28.5,27.3,25.8,24.2,23.2,22.1,21.2,20.5,20.3,20,19.6,24.4
"820","2021-09-10 13:00",1623.87,26.8,25,23.6,22.6,21.5,20.6,20.6,20.9,21,21.4,22.2,22.8,21.6
"821","2021-09-10 14:00",1279.27,27.3,26.8,25,23.6,22.6,21.5,20.6,20.6,20.9,21,21.4,22.2,22.6
"822","2021-09-10 15:00",1565.794,28.6,27.3,26.8,25,23.6,22.6,21.5,20.6,20.6,20.9,21,21.4,23.7
"823","2021-09-10 16:00",1527.34,29.2,28.6,27.3,26.8,25,23.6,22.6,21.5,20.6,20.6,20.9,21,25.1
"824","2021-09-11 13:00",1495.5,27.3,25.6,24.2,23.1,21.9,21.1,21.6,21.9,21.8,22.3,22.6,22.9,22
"825","2021-09-11 14:00",1685.274,28,27.3,25.6,24.2,23.1,21.9,21.1,21.6,21.9,21.8,22.3,22.6,23.1
"826","2021-09-11 15:00",1478.56,29.2,28,27.3,25.6,24.2,23.1,21.9,21.1,21.6,21.9,21.8,22.3,24.3
"827","2021-09-11 16:00",2146.517,30,29.2,28,27.3,25.6,24.2,23.1,21.9,21.1,21.6,21.9,21.8,25.7
"828","2021-09-12 13:00",1472.45,27.4,25.9,24.3,23,21.7,20.5,20.7,20.9,21.9,22.3,22.1,21.8,21.7
"829","2021-09-12 14:00",1953.084,28.7,27.4,25.9,24.3,23,21.7,20.5,20.7,20.9,21.9,22.3,22.1,23
"830","2021-09-12 15:00",1687.16,29,28.7,27.4,25.9,24.3,23,21.7,20.5,20.7,20.9,21.9,22.3,24.4
"831","2021-09-12 16:00",1979.95,29.7,29,28.7,27.4,25.9,24.3,23,21.7,20.5,20.7,20.9,21.9,25.9
"832","2021-09-13 13:00",1351.43,27.5,25.4,24.3,23.2,22.5,21.7,21.6,21.5,21.7,21.9,22.2,22.5,22.5
"833","2021-09-13 14:00",1248.42,28.5,27.5,25.4,24.3,23.2,22.5,21.7,21.6,21.5,21.7,21.9,22.2,23.3
"834","2021-09-13 15:00",1325.79,29.5,28.5,27.5,25.4,24.3,23.2,22.5,21.7,21.6,21.5,21.7,21.9,24.3
"835","2021-09-13 16:00",1478.25,30.3,29.5,28.5,27.5,25.4,24.3,23.2,22.5,21.7,21.6,21.5,21.7,25.7
"836","2021-09-14 13:00",1188.75,26.3,24.7,23.8,23,21.9,21.3,21.5,21.9,22.3,22.7,23,23.7,22.1
"837","2021-09-14 14:00",1195.94,27.9,26.3,24.7,23.8,23,21.9,21.3,21.5,21.9,22.3,22.7,23,22.9
"838","2021-09-14 15:00",1524.65,28.6,27.9,26.3,24.7,23.8,23,21.9,21.3,21.5,21.9,22.3,22.7,23.8
"839","2021-09-14 16:00",1738.74,29.8,28.6,27.9,26.3,24.7,23.8,23,21.9,21.3,21.5,21.9,22.3,24.9
"840","2021-09-15 13:00",1006.45,27.5,25.9,24.6,23.4,22.2,21.3,20.9,20.9,21.3,21.6,21.9,22.3,22.3
"841","2021-09-15 14:00",1147.342,28.3,27.5,25.9,24.6,23.4,22.2,21.3,20.9,20.9,21.3,21.6,21.9,23.4
"842","2021-09-15 15:00",1263.92,29.1,28.3,27.5,25.9,24.6,23.4,22.2,21.3,20.9,20.9,21.3,21.6,24.6
"843","2021-09-15 16:00",1590.21,29.1,29.1,28.3,27.5,25.9,24.6,23.4,22.2,21.3,20.9,20.9,21.3,26
"844","2021-09-16 13:00",1650.66,26.3,24.7,22.6,21.7,20.4,19.6,19.5,19.7,20,20.3,20.6,21,20.6
"845","2021-09-16 14:00",1088.78,26.9,26.3,24.7,22.6,21.7,20.4,19.6,19.5,19.7,20,20.3,20.6,21.6
"846","2021-09-16 15:00",1223.57,27.6,26.9,26.3,24.7,22.6,21.7,20.4,19.6,19.5,19.7,20,20.3,23
"847","2021-09-16 16:00",1705.434,27.9,27.6,26.9,26.3,24.7,22.6,21.7,20.4,19.6,19.5,19.7,20,24.5
"848","2021-09-17 13:00",1453.66,26.4,24.1,23.4,22.6,22,21.7,21.9,22,22.1,22,22,22.4,22.1
"849","2021-09-17 14:00",1147.96,27,26.4,24.1,23.4,22.6,22,21.7,21.9,22,22.1,22,22,22.7
"850","2021-09-17 15:00",1557.8,28.2,27,26.4,24.1,23.4,22.6,22,21.7,21.9,22,22.1,22,23.4
"851","2021-09-17 16:00",1762.6,28.6,28.2,27,26.4,24.1,23.4,22.6,22,21.7,21.9,22,22.1,24.6
"852","2021-09-18 13:00",1373.078,27.1,25.4,23.7,21.8,21.1,19.9,19.9,20.1,20,20.6,21,21.5,20.9
"853","2021-09-18 14:00",1960.7,28.5,27.1,25.4,23.7,21.8,21.1,19.9,19.9,20.1,20,20.6,21,22.2
"854","2021-09-18 15:00",1726.46,28.9,28.5,27.1,25.4,23.7,21.8,21.1,19.9,19.9,20.1,20,20.6,23.6
"855","2021-09-18 16:00",1533.74,29.6,28.9,28.5,27.1,25.4,23.7,21.8,21.1,19.9,19.9,20.1,20,25.4
"856","2021-09-19 13:00",1353.68,26.8,25.4,24.4,23.7,22.7,22.2,22.3,22.4,22.7,22.6,22.9,23.1,22.9
"857","2021-09-19 14:00",1448.92,26.7,26.8,25.4,24.4,23.7,22.7,22.2,22.3,22.4,22.7,22.6,22.9,23.6
"858","2021-09-19 15:00",1305.5,27.4,26.7,26.8,25.4,24.4,23.7,22.7,22.2,22.3,22.4,22.7,22.6,24.5
"859","2021-09-19 16:00",1503.99,27.9,27.4,26.7,26.8,25.4,24.4,23.7,22.7,22.2,22.3,22.4,22.7,25.5
"860","2021-09-20 13:00",1331.431,26.2,24.8,23.6,22.4,21.2,20.4,20.4,20.8,20.5,20.7,21.1,21.4,21.3
"861","2021-09-20 14:00",1178.913,26.8,26.2,24.8,23.6,22.4,21.2,20.4,20.4,20.8,20.5,20.7,21.1,22.4
"862","2021-09-20 15:00",1615.46,27.1,26.8,26.2,24.8,23.6,22.4,21.2,20.4,20.4,20.8,20.5,20.7,23.6
"863","2021-09-20 16:00",1042.23,28.7,27.1,26.8,26.2,24.8,23.6,22.4,21.2,20.4,20.4,20.8,20.5,24.9
"864","2021-09-21 13:00",1061.59,23.8,22.8,22,21.6,21.4,21.2,21,20.9,20.7,20.7,20.5,22.7,21.4
"865","2021-09-21 14:00",1296.04,24.6,23.8,22.8,22,21.6,21.4,21.2,21,20.9,20.7,20.7,20.5,21.7
"866","2021-09-21 15:00",1149.19,25.6,24.6,23.8,22.8,22,21.6,21.4,21.2,21,20.9,20.7,20.7,22.1
"867","2021-09-21 16:00",1228.5,26.6,25.6,24.6,23.8,22.8,22,21.6,21.4,21.2,21,20.9,20.7,22.9
"868","2021-09-22 13:00",1466.7,24.4,22.8,22.1,20,19.1,18.5,17.8,17.8,17.7,17.5,17.8,17.6,19.2
"869","2021-09-22 14:00",1606.53,24.3,24.4,22.8,22.1,20,19.1,18.5,17.8,17.8,17.7,17.5,17.8,20.4
"870","2021-09-22 15:00",1543.06,24.8,24.3,24.4,22.8,22.1,20,19.1,18.5,17.8,17.8,17.7,17.5,21.6
"871","2021-09-22 16:00",1231.36,24.8,24.8,24.3,24.4,22.8,22.1,20,19.1,18.5,17.8,17.8,17.7,23.1
"872","2021-09-23 13:00",1313.24,24.6,23.2,21.4,20.2,19.5,19.3,19.1,18.3,18.9,19,19.2,19.2,19.7
"873","2021-09-23 14:00",1704.43,24.2,24.6,23.2,21.4,20.2,19.5,19.3,19.1,18.3,18.9,19,19.2,20.4
"874","2021-09-23 15:00",1222.81,24.8,24.2,24.6,23.2,21.4,20.2,19.5,19.3,19.1,18.3,18.9,19,21.6
"875","2021-09-23 16:00",1519.29,25.6,24.8,24.2,24.6,23.2,21.4,20.2,19.5,19.3,19.1,18.3,18.9,23.1
"876","2021-09-24 13:00",1170.83,25.2,23.8,21.6,20.3,19,17.9,18,18.1,18.2,18.2,18.6,19.2,19.1
"877","2021-09-24 14:00",1228.24,25.8,25.2,23.8,21.6,20.3,19,17.9,18,18.1,18.2,18.2,18.6,20.3
"878","2021-09-24 15:00",1309.41,26.9,25.8,25.2,23.8,21.6,20.3,19,17.9,18,18.1,18.2,18.2,21.9
"879","2021-09-24 16:00",1200.23,27.6,26.9,25.8,25.2,23.8,21.6,20.3,19,17.9,18,18.1,18.2,23.5
"880","2021-09-25 13:00",1153.73,23.2,22.8,22.4,21.6,20.7,20.1,20,19.9,19.7,20.1,20.4,20.8,20.8
"881","2021-09-25 14:00",1406.26,23.5,23.2,22.8,22.4,21.6,20.7,20.1,20,19.9,19.7,20.1,20.4,21.6
"882","2021-09-25 15:00",1494.71,23.7,23.5,23.2,22.8,22.4,21.6,20.7,20.1,20,19.9,19.7,20.1,22.3
"883","2021-09-25 16:00",1644.2,23.9,23.7,23.5,23.2,22.8,22.4,21.6,20.7,20.1,20,19.9,19.7,22.8
"884","2021-09-26 13:00",1473.49,24.7,23.6,22,21.1,20.3,19.6,19.7,20.1,20.4,20.6,21,21.2,20.3
"885","2021-09-26 14:00",1840.675,25.9,24.7,23.6,22,21.1,20.3,19.6,19.7,20.1,20.4,20.6,21,21.1
"886","2021-09-26 15:00",1728.06,26.5,25.9,24.7,23.6,22,21.1,20.3,19.6,19.7,20.1,20.4,20.6,22.2
"887","2021-09-26 16:00",1762.54,27.2,26.5,25.9,24.7,23.6,22,21.1,20.3,19.6,19.7,20.1,20.4,23.4
"888","2021-09-27 13:00",1450.24,25.4,23.2,21.6,20.7,19.8,19.5,19.4,19.5,19.8,20.2,20.8,21.1,20
"889","2021-09-27 14:00",1108.06,25.2,25.4,23.2,21.6,20.7,19.8,19.5,19.4,19.5,19.8,20.2,20.8,20.7
"890","2021-09-27 15:00",1307.961,24.6,25.2,25.4,23.2,21.6,20.7,19.8,19.5,19.4,19.5,19.8,20.2,21.8
"891","2021-09-27 16:00",1317.88,24.1,24.6,25.2,25.4,23.2,21.6,20.7,19.8,19.5,19.4,19.5,19.8,23.4
"892","2021-09-28 13:00",1522.77,24.4,23.4,21.2,20.9,20.5,20.3,20.3,20.5,20.4,20.6,21,21.3,20.6
"893","2021-09-28 14:00",1243.18,25.1,24.4,23.4,21.2,20.9,20.5,20.3,20.3,20.5,20.4,20.6,21,20.9
"894","2021-09-28 15:00",1125.02,24.6,25.1,24.4,23.4,21.2,20.9,20.5,20.3,20.3,20.5,20.4,20.6,21.8
"895","2021-09-28 16:00",1202.7,24.5,24.6,25.1,24.4,23.4,21.2,20.9,20.5,20.3,20.3,20.5,20.4,23
"896","2021-09-29 13:00",1103.77,22.1,21.7,21.5,21.9,21.8,21.2,20.9,20.9,20.8,20.7,20.6,20.5,21.6
"897","2021-09-29 14:00",1013.15,21.5,22.1,21.7,21.5,21.9,21.8,21.2,20.9,20.9,20.8,20.7,20.6,21.7
"898","2021-09-29 15:00",1538.19,21.2,21.5,22.1,21.7,21.5,21.9,21.8,21.2,20.9,20.9,20.8,20.7,21.7
"899","2021-09-29 16:00",1717.308,21.6,21.2,21.5,22.1,21.7,21.5,21.9,21.8,21.2,20.9,20.9,20.8,21.8
"900","2021-09-30 13:00",1577.994,23.1,20.9,18.8,17.7,17.3,17.1,16.9,16.9,17.1,17.5,17.8,18.2,17.4
"901","2021-09-30 14:00",1074.05,24.1,23.1,20.9,18.8,17.7,17.3,17.1,16.9,16.9,17.1,17.5,17.8,17.9
"902","2021-09-30 15:00",1074.71,25,24.1,23.1,20.9,18.8,17.7,17.3,17.1,16.9,16.9,17.1,17.5,19.1
"903","2021-09-30 16:00",1582.2,25.8,25,24.1,23.1,20.9,18.8,17.7,17.3,17.1,16.9,16.9,17.1,20.9
"904","2021-10-01 13:00",1273.47,25.1,22.9,20.9,19.5,18.4,17.7,17.4,17.7,17.7,17.9,18.3,18.6,18.5
"905","2021-10-01 14:00",1278.34,26.2,25.1,22.9,20.9,19.5,18.4,17.7,17.4,17.7,17.7,17.9,18.3,19.6
"906","2021-10-01 15:00",1470.08,27.4,26.2,25.1,22.9,20.9,19.5,18.4,17.7,17.4,17.7,17.7,17.9,21.1
"907","2021-10-01 16:00",1397.29,27.9,27.4,26.2,25.1,22.9,20.9,19.5,18.4,17.7,17.4,17.7,17.7,23
"908","2021-10-02 13:00",1207.3,24.4,22.5,20,19.1,18.4,17.6,17.4,17.2,17.3,17.5,17.4,17.1,18.4
"909","2021-10-02 14:00",1643.78,25,24.4,22.5,20,19.1,18.4,17.6,17.4,17.2,17.3,17.5,17.4,19.2
"910","2021-10-02 15:00",1655.311,25.6,25,24.4,22.5,20,19.1,18.4,17.6,17.4,17.2,17.3,17.5,20.5
"911","2021-10-02 16:00",2116.44,26.4,25.6,25,24.4,22.5,20,19.1,18.4,17.6,17.4,17.2,17.3,22.3
"912","2021-10-03 13:00",1222.19,27.2,23.9,21.5,20,18.9,18.2,18.2,18.2,18.4,18.3,18.5,18.8,19
"913","2021-10-03 14:00",1473.29,28.5,27.2,23.9,21.5,20,18.9,18.2,18.2,18.2,18.4,18.3,18.5,20.1
"914","2021-10-03 15:00",1647.443,29.2,28.5,27.2,23.9,21.5,20,18.9,18.2,18.2,18.2,18.4,18.3,21.8
"915","2021-10-03 16:00",1735.58,29.6,29.2,28.5,27.2,23.9,21.5,20,18.9,18.2,18.2,18.2,18.4,24.2
"916","2021-10-04 13:00",1601.59,24.9,24.5,23,22.5,21.8,21.4,21.3,20.9,20.2,19.8,19.4,19.2,21.9
"917","2021-10-04 14:00",2191.36,25.4,24.9,24.5,23,22.5,21.8,21.4,21.3,20.9,20.2,19.8,19.4,22.4
"918","2021-10-04 15:00",2317.09,26.5,25.4,24.9,24.5,23,22.5,21.8,21.4,21.3,20.9,20.2,19.8,23.3
"919","2021-10-04 16:00",1861.84,26.4,26.5,25.4,24.9,24.5,23,22.5,21.8,21.4,21.3,20.9,20.2,24.1
"920","2021-10-05 13:00",1192.08,25.9,25.3,25.2,24.3,23.8,23.6,23.8,24,24,24.1,24.3,24.5,23.9
"921","2021-10-05 14:00",1451.24,26.8,25.9,25.3,25.2,24.3,23.8,23.6,23.8,24,24,24.1,24.3,24.4
"922","2021-10-05 15:00",1571.55,27.4,26.8,25.9,25.3,25.2,24.3,23.8,23.6,23.8,24,24,24.1,24.9
"923","2021-10-05 16:00",1505.85,26.8,27.4,26.8,25.9,25.3,25.2,24.3,23.8,23.6,23.8,24,24,25.5
"924","2021-10-06 13:00",1120.84,18.6,18.5,18.3,18.4,18.2,18.3,18.7,19,19.7,21,21.5,22.4,18.3
"925","2021-10-06 14:00",1223.44,18.8,18.6,18.5,18.3,18.4,18.2,18.3,18.7,19,19.7,21,21.5,18.3
"926","2021-10-06 15:00",1080.98,18.9,18.8,18.6,18.5,18.3,18.4,18.2,18.3,18.7,19,19.7,21,18.4
"927","2021-10-06 16:00",1382.51,19.8,18.9,18.8,18.6,18.5,18.3,18.4,18.2,18.3,18.7,19,19.7,18.5
"928","2021-10-07 13:00",1157.49,21.2,20.8,20.2,19.6,19,18.6,18.7,19.4,19.8,19.8,19.7,19.7,19.1
"929","2021-10-07 14:00",1223.55,21.8,21.2,20.8,20.2,19.6,19,18.6,18.7,19.4,19.8,19.8,19.7,19.6
"930","2021-10-07 15:00",1573.33,22.7,21.8,21.2,20.8,20.2,19.6,19,18.6,18.7,19.4,19.8,19.8,20.2
"931","2021-10-07 16:00",1557.15,22.2,22.7,21.8,21.2,20.8,20.2,19.6,19,18.6,18.7,19.4,19.8,20.7
"932","2021-10-08 13:00",1197.54,20.6,20.4,20.2,19.8,19.1,18.7,18.8,18.8,18.8,19,19.1,19,19.2
"933","2021-10-08 14:00",1499.08,20.6,20.6,20.4,20.2,19.8,19.1,18.7,18.8,18.8,18.8,19,19.1,19.7
"934","2021-10-08 15:00",1355.23,20.8,20.6,20.6,20.4,20.2,19.8,19.1,18.7,18.8,18.8,18.8,19,20.1
"935","2021-10-08 16:00",1680.59,20.6,20.8,20.6,20.6,20.4,20.2,19.8,19.1,18.7,18.8,18.8,18.8,20.4
"936","2021-10-09 13:00",1154.74,22.9,22,21,20,19.4,19.3,19.1,19,18.9,19.2,19.5,19.5,19.6
"937","2021-10-09 14:00",1677.44,23.3,22.9,22,21,20,19.4,19.3,19.1,19,18.9,19.2,19.5,20.1
"938","2021-10-09 15:00",1322.88,23.7,23.3,22.9,22,21,20,19.4,19.3,19.1,19,18.9,19.2,21
"939","2021-10-09 16:00",1711.34,24,23.7,23.3,22.9,22,21,20,19.4,19.3,19.1,19,18.9,22
"940","2021-10-12 13:00",1156.33,19.6,20.4,21.1,21,20.5,20.6,20.9,21.3,21.4,21.8,22.6,23.7,20.7
"941","2021-10-12 14:00",1281.2,20.4,19.6,20.4,21.1,21,20.5,20.6,20.9,21.3,21.4,21.8,22.6,20.9
"942","2021-10-12 15:00",1220.6,21,20.4,19.6,20.4,21.1,21,20.5,20.6,20.9,21.3,21.4,21.8,20.8
"943","2021-10-12 16:00",1259.45,21.6,21,20.4,19.6,20.4,21.1,21,20.5,20.6,20.9,21.3,21.4,20.4
"944","2021-10-13 13:00",1447.11,22.7,21.5,19.1,17.7,16,14.9,15.5,15.3,15.6,16.1,16.8,17.2,16.2
"945","2021-10-13 14:00",978.53,23.2,22.7,21.5,19.1,17.7,16,14.9,15.5,15.3,15.6,16.1,16.8,17.6
"946","2021-10-13 15:00",1451.55,24.2,23.2,22.7,21.5,19.1,17.7,16,14.9,15.5,15.3,15.6,16.1,19.4
"947","2021-10-13 16:00",1567.32,24.3,24.2,23.2,22.7,21.5,19.1,17.7,16,14.9,15.5,15.3,15.6,21.1
"948","2021-10-14 13:00",1245.11,22.3,21.8,20.1,19.3,18.2,17.7,17.7,17.6,17.6,17.4,17.7,18.2,18.4
"949","2021-10-14 14:00",1257.25,22.9,22.3,21.8,20.1,19.3,18.2,17.7,17.7,17.6,17.6,17.4,17.7,19.2
"950","2021-10-14 15:00",1342.31,23.2,22.9,22.3,21.8,20.1,19.3,18.2,17.7,17.7,17.6,17.6,17.4,20.4
"951","2021-10-14 16:00",1687.06,24,23.2,22.9,22.3,21.8,20.1,19.3,18.2,17.7,17.7,17.6,17.6,21.4
"952","2021-10-15 13:00",1504.83,19.7,19.2,19.2,18.6,18.3,17.9,18,18.2,18.8,19.1,19.4,19.7,18.3
"953","2021-10-15 14:00",1316.07,20.8,19.7,19.2,19.2,18.6,18.3,17.9,18,18.2,18.8,19.1,19.4,18.7
"954","2021-10-15 15:00",1500.22,21.5,20.8,19.7,19.2,19.2,18.6,18.3,17.9,18,18.2,18.8,19.1,19
"955","2021-10-15 16:00",1840.03,21.9,21.5,20.8,19.7,19.2,19.2,18.6,18.3,17.9,18,18.2,18.8,19.4
"956","2021-10-16 13:00",1452.32,12.7,13.1,13.1,14.4,14.1,14.6,16,16.7,17,17.6,18.1,18.4,14.4
"957","2021-10-16 14:00",1751.61,12.4,12.7,13.1,13.1,14.4,14.1,14.6,16,16.7,17,17.6,18.1,13.9
"958","2021-10-16 15:00",1310.17,11.5,12.4,12.7,13.1,13.1,14.4,14.1,14.6,16,16.7,17,17.6,13.5
"959","2021-10-16 16:00",1754.025,11,11.5,12.4,12.7,13.1,13.1,14.4,14.1,14.6,16,16.7,17,13
"960","2021-10-17 13:00",1630.47,7.9,6.6,4.2,3.2,2.4,2.3,2.7,3.1,3.6,4.1,4.6,5.1,2.6
"961","2021-10-17 14:00",1184.65,8.8,7.9,6.6,4.2,3.2,2.4,2.3,2.7,3.1,3.6,4.1,4.6,3.3
"962","2021-10-17 15:00",1743.914,10,8.8,7.9,6.6,4.2,3.2,2.4,2.3,2.7,3.1,3.6,4.1,4.7
"963","2021-10-17 16:00",1404.29,10.7,10,8.8,7.9,6.6,4.2,3.2,2.4,2.3,2.7,3.1,3.6,6.2
