"","날짜","충전량_합","T_1","T_2","T_3","T_4","T_5","T_6","T_7","T_8","T_9","T_10","T_11","T_12"
"1","2021-06-27 13:00",5.69,28.6,26.8,25.6,23.7,22.4,21.7,20.8,20.8,21.1,21.4,21.7,22
"2","2021-06-30 15:00",38.2,24.5,23.6,26.8,26.7,25.3,24.1,23.3,22.5,22,21.8,22,22.5
"3","2021-06-30 16:00",61.58,25.4,24.5,23.6,26.8,26.7,25.3,24.1,23.3,22.5,22,21.8,22
"4","2021-07-01 13:00",1107.37,30.3,28.6,27,25.2,23.9,22.9,22.1,22.3,22.7,23.3,24,24.4
"5","2021-07-01 14:00",1278.21,31.2,30.3,28.6,27,25.2,23.9,22.9,22.1,22.3,22.7,23.3,24
"6","2021-07-01 15:00",1703.084,31.5,31.2,30.3,28.6,27,25.2,23.9,22.9,22.1,22.3,22.7,23.3
"7","2021-07-01 16:00",1428.61,32,31.5,31.2,30.3,28.6,27,25.2,23.9,22.9,22.1,22.3,22.7
"8","2021-07-02 13:00",1270.185,29.2,27.3,26.8,25.8,25.7,25.2,24.8,25.1,25.2,25.4,25.7,26.4
"9","2021-07-02 14:00",1032.75,30.7,29.2,27.3,26.8,25.8,25.7,25.2,24.8,25.1,25.2,25.4,25.7
"10","2021-07-02 15:00",1621.95,31.6,30.7,29.2,27.3,26.8,25.8,25.7,25.2,24.8,25.1,25.2,25.4
"11","2021-07-02 16:00",1876.825,32.5,31.6,30.7,29.2,27.3,26.8,25.8,25.7,25.2,24.8,25.1,25.2
"12","2021-07-03 13:00",1798.34,26.8,26.3,26,24.6,23.4,23.3,23.4,23.7,24.2,24.6,25.3,26
"13","2021-07-03 14:00",1231.58,26.8,26.8,26.3,26,24.6,23.4,23.3,23.4,23.7,24.2,24.6,25.3
"14","2021-07-03 15:00",1807.73,26.7,26.8,26.8,26.3,26,24.6,23.4,23.3,23.4,23.7,24.2,24.6
"15","2021-07-03 16:00",1305.64,26.8,26.7,26.8,26.8,26.3,26,24.6,23.4,23.3,23.4,23.7,24.2
"16","2021-07-04 13:00",1379.69,22.9,22.8,22.6,22.3,22.4,22.2,21.8,21.5,21.3,21.1,20.8,20.7
"17","2021-07-04 14:00",1731.983,23,22.9,22.8,22.6,22.3,22.4,22.2,21.8,21.5,21.3,21.1,20.8
"18","2021-07-04 15:00",1933.18,23.1,23,22.9,22.8,22.6,22.3,22.4,22.2,21.8,21.5,21.3,21.1
"19","2021-07-04 16:00",2265.69,23.7,23.1,23,22.9,22.8,22.6,22.3,22.4,22.2,21.8,21.5,21.3
"20","2021-07-05 13:00",1232.61,25.8,24.3,23.4,22.7,22.1,21.5,21.2,21.2,21.1,21.1,21,21.1
"21","2021-07-05 14:00",863.85,26.7,25.8,24.3,23.4,22.7,22.1,21.5,21.2,21.2,21.1,21.1,21
"22","2021-07-05 15:00",1333.95,27.1,26.7,25.8,24.3,23.4,22.7,22.1,21.5,21.2,21.2,21.1,21.1
"23","2021-07-05 16:00",1298.333,27.9,27.1,26.7,25.8,24.3,23.4,22.7,22.1,21.5,21.2,21.2,21.1
"24","2021-07-06 13:00",1004.27,28.4,27.2,26.3,24.6,23.4,22.5,21.9,22.1,22.2,22.5,23,23.5
"25","2021-07-06 14:00",1147.33,29.8,28.4,27.2,26.3,24.6,23.4,22.5,21.9,22.1,22.2,22.5,23
"26","2021-07-06 15:00",1325.96,30.7,29.8,28.4,27.2,26.3,24.6,23.4,22.5,21.9,22.1,22.2,22.5
"27","2021-07-06 16:00",1499.21,30.2,30.7,29.8,28.4,27.2,26.3,24.6,23.4,22.5,21.9,22.1,22.2
"28","2021-07-07 13:00",1026.94,29,28.9,27.5,26.3,25.1,24.4,24.2,24.7,25.4,25.6,25.7,25.9
"29","2021-07-07 14:00",1505.75,29.2,29,28.9,27.5,26.3,25.1,24.4,24.2,24.7,25.4,25.6,25.7
"30","2021-07-07 15:00",1134.737,29.5,29.2,29,28.9,27.5,26.3,25.1,24.4,24.2,24.7,25.4,25.6
"31","2021-07-07 16:00",1606.093,29.2,29.5,29.2,29,28.9,27.5,26.3,25.1,24.4,24.2,24.7,25.4
"32","2021-07-08 13:00",823.98,29,27.3,26.1,25.4,24.8,24.5,24.3,24.5,24.6,24.8,24.8,24.9
"33","2021-07-08 14:00",1128.52,30.2,29,27.3,26.1,25.4,24.8,24.5,24.3,24.5,24.6,24.8,24.8
"34","2021-07-08 15:00",1425.48,30.5,30.2,29,27.3,26.1,25.4,24.8,24.5,24.3,24.5,24.6,24.8
"35","2021-07-08 16:00",1541.44,31.1,30.5,30.2,29,27.3,26.1,25.4,24.8,24.5,24.3,24.5,24.6
"36","2021-07-09 13:00",1302.91,27.9,27.5,26.7,26.2,25.5,25,24.7,24.6,24.7,24.8,24.9,25
"37","2021-07-09 14:00",1156.59,27.8,27.9,27.5,26.7,26.2,25.5,25,24.7,24.6,24.7,24.8,24.9
"38","2021-07-09 15:00",1346.03,28.4,27.8,27.9,27.5,26.7,26.2,25.5,25,24.7,24.6,24.7,24.8
"39","2021-07-09 16:00",1392.979,29.4,28.4,27.8,27.9,27.5,26.7,26.2,25.5,25,24.7,24.6,24.7
"40","2021-07-10 13:00",1513.45,28.7,27.2,25.7,24.7,23.8,22.9,23,24.5,24.5,24.5,24.5,24.5
"41","2021-07-10 14:00",1468.31,29.7,28.7,27.2,25.7,24.7,23.8,22.9,23,24.5,24.5,24.5,24.5
"42","2021-07-10 15:00",1927.86,29.6,29.7,28.7,27.2,25.7,24.7,23.8,22.9,23,24.5,24.5,24.5
"43","2021-07-10 16:00",1700.98,29.3,29.6,29.7,28.7,27.2,25.7,24.7,23.8,22.9,23,24.5,24.5
"44","2021-07-11 13:00",1438.11,26.8,26.3,25.7,25.1,24.8,24.9,25.4,25.4,25.6,25.7,26,26.2
"45","2021-07-11 14:00",1559.14,27.2,26.8,26.3,25.7,25.1,24.8,24.9,25.4,25.4,25.6,25.7,26
"46","2021-07-11 15:00",1541.13,28.5,27.2,26.8,26.3,25.7,25.1,24.8,24.9,25.4,25.4,25.6,25.7
"47","2021-07-11 16:00",1609.22,28.9,28.5,27.2,26.8,26.3,25.7,25.1,24.8,24.9,25.4,25.4,25.6
"48","2021-07-12 13:00",959.88,29.7,28.9,27.6,26.9,25.8,24.8,24.4,24.9,24.8,24.6,24.8,24.9
"49","2021-07-12 14:00",1352.36,30.8,29.7,28.9,27.6,26.9,25.8,24.8,24.4,24.9,24.8,24.6,24.8
"50","2021-07-12 15:00",1391.92,32,30.8,29.7,28.9,27.6,26.9,25.8,24.8,24.4,24.9,24.8,24.6
"51","2021-07-12 16:00",1889.18,33.4,32,30.8,29.7,28.9,27.6,26.9,25.8,24.8,24.4,24.9,24.8
"52","2021-07-13 13:00",1439.51,31.6,30.5,30,29.1,28.5,27.6,27.4,27.5,27.6,28,28.2,28.5
"53","2021-07-13 14:00",1424.1,31.3,31.6,30.5,30,29.1,28.5,27.6,27.4,27.5,27.6,28,28.2
"54","2021-07-13 15:00",1430.63,32,31.3,31.6,30.5,30,29.1,28.5,27.6,27.4,27.5,27.6,28
"55","2021-07-13 16:00",2161.34,32.1,32,31.3,31.6,30.5,30,29.1,28.5,27.6,27.4,27.5,27.6
"56","2021-07-14 13:00",1484.95,32,31.6,30.9,29.7,29.2,28.3,27.9,27.9,26.9,27.4,28.2,29
"57","2021-07-14 14:00",1116.52,32.7,32,31.6,30.9,29.7,29.2,28.3,27.9,27.9,26.9,27.4,28.2
"58","2021-07-14 15:00",1023.8,32.7,32.7,32,31.6,30.9,29.7,29.2,28.3,27.9,27.9,26.9,27.4
"59","2021-07-14 16:00",1521.3,33.2,32.7,32.7,32,31.6,30.9,29.7,29.2,28.3,27.9,27.9,26.9
"60","2021-07-15 13:00",1381.42,32.9,33.1,31.7,29.8,28.6,27.7,27.1,27.3,27.9,28.5,28.9,29.3
"61","2021-07-15 14:00",1070.77,34.2,32.9,33.1,31.7,29.8,28.6,27.7,27.1,27.3,27.9,28.5,28.9
"62","2021-07-15 15:00",1351.84,34.7,34.2,32.9,33.1,31.7,29.8,28.6,27.7,27.1,27.3,27.9,28.5
"63","2021-07-15 16:00",1386.165,32.2,34.7,34.2,32.9,33.1,31.7,29.8,28.6,27.7,27.1,27.3,27.9
"64","2021-07-16 13:00",1190.21,32.8,31.4,29.7,27.7,26.1,25,24.6,24.7,24.9,25.2,25.6,26
"65","2021-07-16 14:00",1297.72,34,32.8,31.4,29.7,27.7,26.1,25,24.6,24.7,24.9,25.2,25.6
"66","2021-07-16 15:00",1183.34,34.7,34,32.8,31.4,29.7,27.7,26.1,25,24.6,24.7,24.9,25.2
"67","2021-07-16 16:00",1686.97,35.9,34.7,34,32.8,31.4,29.7,27.7,26.1,25,24.6,24.7,24.9
"68","2021-07-17 13:00",1465.17,31.6,30.7,29.9,28,27,26.3,25.9,26.1,26.2,26.3,26.6,26.7
"69","2021-07-17 14:00",1498.29,32.2,31.6,30.7,29.9,28,27,26.3,25.9,26.1,26.2,26.3,26.6
"70","2021-07-17 15:00",1305.16,33.2,32.2,31.6,30.7,29.9,28,27,26.3,25.9,26.1,26.2,26.3
"71","2021-07-17 16:00",1551.28,33.5,33.2,32.2,31.6,30.7,29.9,28,27,26.3,25.9,26.1,26.2
"72","2021-07-18 13:00",1611.21,31.4,30.9,30.3,29,28,27.3,27,27.3,27.7,28.1,28.2,28.5
"73","2021-07-18 14:00",1349.1,32.1,31.4,30.9,30.3,29,28,27.3,27,27.3,27.7,28.1,28.2
"74","2021-07-18 15:00",1781.87,32.9,32.1,31.4,30.9,30.3,29,28,27.3,27,27.3,27.7,28.1
"75","2021-07-18 16:00",1612.93,34.3,32.9,32.1,31.4,30.9,30.3,29,28,27.3,27,27.3,27.7
"76","2021-07-19 13:00",1237.44,31,30.4,30.2,29.2,28,27.3,26.9,27.1,27.4,27.7,27.9,28.1
"77","2021-07-19 14:00",1226.71,31.2,31,30.4,30.2,29.2,28,27.3,26.9,27.1,27.4,27.7,27.9
"78","2021-07-19 15:00",1345.672,31.3,31.2,31,30.4,30.2,29.2,28,27.3,26.9,27.1,27.4,27.7
"79","2021-07-19 16:00",997.1,25.8,31.3,31.2,31,30.4,30.2,29.2,28,27.3,26.9,27.1,27.4
"80","2021-07-20 13:00",1439.71,32.3,30.9,29.6,27.3,26.2,25.3,24.8,24.7,24.9,25.2,25.3,25.4
"81","2021-07-20 14:00",1407.18,33.4,32.3,30.9,29.6,27.3,26.2,25.3,24.8,24.7,24.9,25.2,25.3
"82","2021-07-20 15:00",1055.558,33.5,33.4,32.3,30.9,29.6,27.3,26.2,25.3,24.8,24.7,24.9,25.2
"83","2021-07-20 16:00",1661.82,33.7,33.5,33.4,32.3,30.9,29.6,27.3,26.2,25.3,24.8,24.7,24.9
"84","2021-07-21 13:00",1583.95,34.3,32.8,31.1,29.4,28,27,26.4,26.6,27,27.5,27.7,28.2
"85","2021-07-21 14:00",1443.78,35.7,34.3,32.8,31.1,29.4,28,27,26.4,26.6,27,27.5,27.7
"86","2021-07-21 15:00",1205.46,36.3,35.7,34.3,32.8,31.1,29.4,28,27,26.4,26.6,27,27.5
"87","2021-07-21 16:00",1817.42,37,36.3,35.7,34.3,32.8,31.1,29.4,28,27,26.4,26.6,27
"88","2021-07-22 13:00",1348.75,34.3,33,31.6,29.7,28.9,28.1,28,28.3,28.7,29.2,29.5,29.8
"89","2021-07-22 14:00",1323.93,35.8,34.3,33,31.6,29.7,28.9,28.1,28,28.3,28.7,29.2,29.5
"90","2021-07-22 15:00",1444.03,36.8,35.8,34.3,33,31.6,29.7,28.9,28.1,28,28.3,28.7,29.2
"91","2021-07-22 16:00",1561.94,37.5,36.8,35.8,34.3,33,31.6,29.7,28.9,28.1,28,28.3,28.7
"92","2021-07-23 13:00",1541.2,34.2,32.9,31.4,29.9,28.9,28.3,28.3,28.8,29.2,29.7,30.4,30.7
"93","2021-07-23 14:00",1208.486,34.9,34.2,32.9,31.4,29.9,28.9,28.3,28.3,28.8,29.2,29.7,30.4
"94","2021-07-23 15:00",1373.44,35.9,34.9,34.2,32.9,31.4,29.9,28.9,28.3,28.3,28.8,29.2,29.7
"95","2021-07-23 16:00",2114.08,36.4,35.9,34.9,34.2,32.9,31.4,29.9,28.9,28.3,28.3,28.8,29.2
"96","2021-07-24 13:00",1256.44,35,33.9,32.7,30.7,29.3,28.6,28.2,28.4,28.7,29.2,29.8,30.6
"97","2021-07-24 14:00",1694.81,35.9,35,33.9,32.7,30.7,29.3,28.6,28.2,28.4,28.7,29.2,29.8
"98","2021-07-24 15:00",1316.545,36.7,35.9,35,33.9,32.7,30.7,29.3,28.6,28.2,28.4,28.7,29.2
"99","2021-07-24 16:00",1846.86,37.7,36.7,35.9,35,33.9,32.7,30.7,29.3,28.6,28.2,28.4,28.7
"100","2021-07-25 13:00",1671.77,34.6,33.7,32.5,30.7,29.5,29.1,28.8,29,29.2,29.7,30.1,30.9
"101","2021-07-25 14:00",1836.5,34.6,34.6,33.7,32.5,30.7,29.5,29.1,28.8,29,29.2,29.7,30.1
"102","2021-07-25 15:00",1535.35,35.6,34.6,34.6,33.7,32.5,30.7,29.5,29.1,28.8,29,29.2,29.7
"103","2021-07-25 16:00",2071.52,36,35.6,34.6,34.6,33.7,32.5,30.7,29.5,29.1,28.8,29,29.2
"104","2021-07-26 13:00",1243.04,34.1,32.6,32,30.6,29.6,28.7,28.6,29.1,29.4,29.9,30.4,30.7
"105","2021-07-26 14:00",1393.92,34.4,34.1,32.6,32,30.6,29.6,28.7,28.6,29.1,29.4,29.9,30.4
"106","2021-07-26 15:00",1545.08,35.2,34.4,34.1,32.6,32,30.6,29.6,28.7,28.6,29.1,29.4,29.9
"107","2021-07-26 16:00",1829.519,36,35.2,34.4,34.1,32.6,32,30.6,29.6,28.7,28.6,29.1,29.4
"108","2021-07-27 13:00",1296.14,35,33.2,32.6,30.9,30.3,29.7,29.4,29.7,29.7,30,30.2,30.6
"109","2021-07-27 14:00",1189.29,36.2,35,33.2,32.6,30.9,30.3,29.7,29.4,29.7,29.7,30,30.2
"110","2021-07-27 15:00",1548.56,37.1,36.2,35,33.2,32.6,30.9,30.3,29.7,29.4,29.7,29.7,30
"111","2021-07-27 16:00",1776.818,38.3,37.1,36.2,35,33.2,32.6,30.9,30.3,29.7,29.4,29.7,29.7
"112","2021-07-28 13:00",1162.71,34.5,32.6,31.3,29.9,29.2,28.6,28.3,28.5,28.6,29.1,29.5,29.8
"113","2021-07-28 14:00",1322.26,35,34.5,32.6,31.3,29.9,29.2,28.6,28.3,28.5,28.6,29.1,29.5
"114","2021-07-28 15:00",1426.99,35.2,35,34.5,32.6,31.3,29.9,29.2,28.6,28.3,28.5,28.6,29.1
"115","2021-07-28 16:00",1580.2,34.8,35.2,35,34.5,32.6,31.3,29.9,29.2,28.6,28.3,28.5,28.6
"116","2021-07-29 13:00",1283.63,32.8,31.4,30.4,29.5,28.8,28.4,28.3,28.5,28.9,29.4,29.6,30
"117","2021-07-29 14:00",1375.16,34.2,32.8,31.4,30.4,29.5,28.8,28.4,28.3,28.5,28.9,29.4,29.6
"118","2021-07-29 15:00",1456.25,34.6,34.2,32.8,31.4,30.4,29.5,28.8,28.4,28.3,28.5,28.9,29.4
"119","2021-07-29 16:00",1642.44,33.8,34.6,34.2,32.8,31.4,30.4,29.5,28.8,28.4,28.3,28.5,28.9
"120","2021-07-30 13:00",1589.893,33.2,32,31.5,29.8,28.8,27.5,27.6,27.7,28,28.5,28.7,28.9
"121","2021-07-30 14:00",1165.88,34,33.2,32,31.5,29.8,28.8,27.5,27.6,27.7,28,28.5,28.7
"122","2021-07-30 15:00",1473.074,34.6,34,33.2,32,31.5,29.8,28.8,27.5,27.6,27.7,28,28.5
"123","2021-07-30 16:00",1746.56,35.3,34.6,34,33.2,32,31.5,29.8,28.8,27.5,27.6,27.7,28
"124","2021-07-31 13:00",1525.84,31.6,30.8,29.4,29,28,27.5,27.3,27.5,27.4,27.3,28.7,29.5
"125","2021-07-31 14:00",1188.67,33,31.6,30.8,29.4,29,28,27.5,27.3,27.5,27.4,27.3,28.7
"126","2021-07-31 15:00",2094.58,32.8,33,31.6,30.8,29.4,29,28,27.5,27.3,27.5,27.4,27.3
"127","2021-07-31 16:00",1625.09,34.1,32.8,33,31.6,30.8,29.4,29,28,27.5,27.3,27.5,27.4
"128","2021-08-01 13:00",1861.29,28.5,27.2,27.4,28.6,28.7,28.3,28.3,28.5,28.6,28.7,28.7,28.9
"129","2021-08-01 14:00",1964.31,28.9,28.5,27.2,27.4,28.6,28.7,28.3,28.3,28.5,28.6,28.7,28.7
"130","2021-08-01 15:00",1416.99,28.3,28.9,28.5,27.2,27.4,28.6,28.7,28.3,28.3,28.5,28.6,28.7
"131","2021-08-01 16:00",1324.55,28.5,28.3,28.9,28.5,27.2,27.4,28.6,28.7,28.3,28.3,28.5,28.6
"132","2021-08-02 13:00",1288.17,27.4,27,26.5,25.9,25.8,25.6,25.7,25.7,25.8,25.7,25.6,25.6
"133","2021-08-02 14:00",1053.11,27.2,27.4,27,26.5,25.9,25.8,25.6,25.7,25.7,25.8,25.7,25.6
"134","2021-08-02 15:00",1192.28,27.7,27.2,27.4,27,26.5,25.9,25.8,25.6,25.7,25.7,25.8,25.7
"135","2021-08-02 16:00",1544.95,28.3,27.7,27.2,27.4,27,26.5,25.9,25.8,25.6,25.7,25.7,25.8
"136","2021-08-03 13:00",1477.65,30.9,29.8,28.7,27.3,26.4,25.5,25.2,25.3,25.3,25.6,26.2,26.5
"137","2021-08-03 14:00",1019.77,31.7,30.9,29.8,28.7,27.3,26.4,25.5,25.2,25.3,25.3,25.6,26.2
"138","2021-08-03 15:00",1135.34,30.6,31.7,30.9,29.8,28.7,27.3,26.4,25.5,25.2,25.3,25.3,25.6
"139","2021-08-03 16:00",1368.92,32.3,30.6,31.7,30.9,29.8,28.7,27.3,26.4,25.5,25.2,25.3,25.3
"140","2021-08-04 13:00",1412.58,32.5,31,30.2,29.3,28.4,27.9,27.7,27.9,28,28.2,28.3,28.6
"141","2021-08-04 14:00",1357.39,32.9,32.5,31,30.2,29.3,28.4,27.9,27.7,27.9,28,28.2,28.3
"142","2021-08-04 15:00",1185.34,33,32.9,32.5,31,30.2,29.3,28.4,27.9,27.7,27.9,28,28.2
"143","2021-08-04 16:00",1273.094,33.8,33,32.9,32.5,31,30.2,29.3,28.4,27.9,27.7,27.9,28
"144","2021-08-05 13:00",1515.66,32.9,31.9,31.3,29.1,27.9,27.2,27.1,27.1,27.2,27.1,27.3,27.9
"145","2021-08-05 14:00",1418.56,33.8,32.9,31.9,31.3,29.1,27.9,27.2,27.1,27.1,27.2,27.1,27.3
"146","2021-08-05 15:00",1729.36,34.1,33.8,32.9,31.9,31.3,29.1,27.9,27.2,27.1,27.1,27.2,27.1
"147","2021-08-05 16:00",1777.73,33.8,34.1,33.8,32.9,31.9,31.3,29.1,27.9,27.2,27.1,27.1,27.2
"148","2021-08-06 13:00",1127.02,33.7,32.2,30.9,29.5,28.6,27.8,27.7,27.9,28.1,28.1,28.5,28.7
"149","2021-08-06 14:00",1446.73,33.4,33.7,32.2,30.9,29.5,28.6,27.8,27.7,27.9,28.1,28.1,28.5
"150","2021-08-06 15:00",1470.94,30.4,33.4,33.7,32.2,30.9,29.5,28.6,27.8,27.7,27.9,28.1,28.1
"151","2021-08-06 16:00",1349.51,29.4,30.4,33.4,33.7,32.2,30.9,29.5,28.6,27.8,27.7,27.9,28.1
"152","2021-08-07 13:00",1448.94,31.1,29.7,28.7,26.6,25.4,25,25,25.1,25.5,25.9,26.6,27
"153","2021-08-07 14:00",1546.79,31.7,31.1,29.7,28.7,26.6,25.4,25,25,25.1,25.5,25.9,26.6
"154","2021-08-07 15:00",1603.54,32.1,31.7,31.1,29.7,28.7,26.6,25.4,25,25,25.1,25.5,25.9
"155","2021-08-07 16:00",1431.54,33,32.1,31.7,31.1,29.7,28.7,26.6,25.4,25,25,25.1,25.5
"156","2021-08-08 13:00",1693.03,31.8,30.7,29.2,27.9,26.9,26.1,26.4,26.6,26.9,27.2,27.7,27.9
"157","2021-08-08 14:00",1630.7,32.5,31.8,30.7,29.2,27.9,26.9,26.1,26.4,26.6,26.9,27.2,27.7
"158","2021-08-08 15:00",1100.18,32.8,32.5,31.8,30.7,29.2,27.9,26.9,26.1,26.4,26.6,26.9,27.2
"159","2021-08-08 16:00",1460.56,31.7,32.8,32.5,31.8,30.7,29.2,27.9,26.9,26.1,26.4,26.6,26.9
"160","2021-08-09 13:00",1161.71,31,30.2,28.6,27.5,26,25.2,24.3,24.5,24.2,23.9,24.3,24.5
"161","2021-08-09 14:00",1619.36,32.5,31,30.2,28.6,27.5,26,25.2,24.3,24.5,24.2,23.9,24.3
"162","2021-08-09 15:00",1286.872,33,32.5,31,30.2,28.6,27.5,26,25.2,24.3,24.5,24.2,23.9
"163","2021-08-09 16:00",1226.19,33.7,33,32.5,31,30.2,28.6,27.5,26,25.2,24.3,24.5,24.2
"164","2021-08-10 13:00",926.751,30.8,30,28.7,27.6,26.4,25.6,25.5,25.6,25.9,26.1,26.5,27
"165","2021-08-10 14:00",1257.66,31.5,30.8,30,28.7,27.6,26.4,25.6,25.5,25.6,25.9,26.1,26.5
"166","2021-08-10 15:00",1197.88,32.6,31.5,30.8,30,28.7,27.6,26.4,25.6,25.5,25.6,25.9,26.1
"167","2021-08-10 16:00",1523.75,33.1,32.6,31.5,30.8,30,28.7,27.6,26.4,25.6,25.5,25.6,25.9
"168","2021-08-11 13:00",1478.48,30.1,28.1,27.8,26.7,25.8,25.6,25.7,25.9,26.1,26.2,26.4,27
"169","2021-08-11 14:00",1190.23,30.7,30.1,28.1,27.8,26.7,25.8,25.6,25.7,25.9,26.1,26.2,26.4
"170","2021-08-11 15:00",1587.16,30.9,30.7,30.1,28.1,27.8,26.7,25.8,25.6,25.7,25.9,26.1,26.2
"171","2021-08-11 16:00",1790.16,30.2,30.9,30.7,30.1,28.1,27.8,26.7,25.8,25.6,25.7,25.9,26.1
"172","2021-08-12 13:00",1395.71,31.2,29.9,28.7,27.4,26.2,25.5,25.5,25.7,26,26.5,26.9,27.1
"173","2021-08-12 14:00",928.21,31.9,31.2,29.9,28.7,27.4,26.2,25.5,25.5,25.7,26,26.5,26.9
"174","2021-08-12 15:00",1331.31,32,31.9,31.2,29.9,28.7,27.4,26.2,25.5,25.5,25.7,26,26.5
"175","2021-08-12 16:00",1478.09,32.1,32,31.9,31.2,29.9,28.7,27.4,26.2,25.5,25.5,25.7,26
"176","2021-08-13 13:00",1416.05,28.1,27.4,26.7,26.2,25.2,24.3,23.7,23.7,23.7,23.5,23.4,23.5
"177","2021-08-13 14:00",1178.25,28.7,28.1,27.4,26.7,26.2,25.2,24.3,23.7,23.7,23.7,23.5,23.4
"178","2021-08-13 15:00",1606.67,29.1,28.7,28.1,27.4,26.7,26.2,25.2,24.3,23.7,23.7,23.7,23.5
"179","2021-08-13 16:00",1891.11,29.9,29.1,28.7,28.1,27.4,26.7,26.2,25.2,24.3,23.7,23.7,23.7
"180","2021-08-14 13:00",1133.36,28.4,27.2,26.5,26,25.5,24.9,24.8,25.1,25.6,25.9,26.4,26.7
"181","2021-08-14 14:00",1281.94,29.2,28.4,27.2,26.5,26,25.5,24.9,24.8,25.1,25.6,25.9,26.4
"182","2021-08-14 15:00",1414.45,30.1,29.2,28.4,27.2,26.5,26,25.5,24.9,24.8,25.1,25.6,25.9
"183","2021-08-14 16:00",1578.18,30.8,30.1,29.2,28.4,27.2,26.5,26,25.5,24.9,24.8,25.1,25.6
"184","2021-08-15 13:00",1347.418,29.4,27.8,26.8,25.2,23.9,23.4,23.3,23.3,23.5,24.1,24.5,24.7
"185","2021-08-15 14:00",1427.84,30.5,29.4,27.8,26.8,25.2,23.9,23.4,23.3,23.3,23.5,24.1,24.5
"186","2021-08-15 15:00",1770.413,31.4,30.5,29.4,27.8,26.8,25.2,23.9,23.4,23.3,23.3,23.5,24.1
"187","2021-08-15 16:00",1772.56,32.3,31.4,30.5,29.4,27.8,26.8,25.2,23.9,23.4,23.3,23.3,23.5
"188","2021-08-16 13:00",1140.585,29.6,28.2,26.9,25.2,24.1,23.5,23.6,24.1,24.5,24.9,25.7,26.7
"189","2021-08-16 14:00",1449.63,30.6,29.6,28.2,26.9,25.2,24.1,23.5,23.6,24.1,24.5,24.9,25.7
"190","2021-08-16 15:00",1469.98,31.6,30.6,29.6,28.2,26.9,25.2,24.1,23.5,23.6,24.1,24.5,24.9
"191","2021-08-16 16:00",1917.7,32.6,31.6,30.6,29.6,28.2,26.9,25.2,24.1,23.5,23.6,24.1,24.5
"192","2021-08-17 13:00",1259.49,29.9,28.1,27.2,26,24.9,24.3,24.2,24.3,24.6,25.1,25.7,27.1
"193","2021-08-17 14:00",909.21,30.7,29.9,28.1,27.2,26,24.9,24.3,24.2,24.3,24.6,25.1,25.7
"194","2021-08-17 15:00",1036.09,30.8,30.7,29.9,28.1,27.2,26,24.9,24.3,24.2,24.3,24.6,25.1
"195","2021-08-17 16:00",1507.7,31.2,30.8,30.7,29.9,28.1,27.2,26,24.9,24.3,24.2,24.3,24.6
"196","2021-08-18 13:00",1150.66,25.9,24,21.7,21,21.3,22.6,22.6,22.7,22.8,22.6,22.6,22.6
"197","2021-08-18 14:00",896.81,27.7,25.9,24,21.7,21,21.3,22.6,22.6,22.7,22.8,22.6,22.6
"198","2021-08-18 15:00",1126.43,29.7,27.7,25.9,24,21.7,21,21.3,22.6,22.6,22.7,22.8,22.6
"199","2021-08-18 16:00",1471.514,30.8,29.7,27.7,25.9,24,21.7,21,21.3,22.6,22.6,22.7,22.8
"200","2021-08-19 13:00",1190.65,28.4,26.4,26.2,24.5,23.2,22.5,22.3,22.5,22.8,23.3,23.5,23.8
"201","2021-08-19 14:00",1107.75,29.9,28.4,26.4,26.2,24.5,23.2,22.5,22.3,22.5,22.8,23.3,23.5
"202","2021-08-19 15:00",1043.84,31.1,29.9,28.4,26.4,26.2,24.5,23.2,22.5,22.3,22.5,22.8,23.3
"203","2021-08-19 16:00",1545.98,31.5,31.1,29.9,28.4,26.4,26.2,24.5,23.2,22.5,22.3,22.5,22.8
"204","2021-08-20 13:00",1275.364,29.1,27.8,27.5,25.5,24.6,23.7,23.7,24.2,25.1,25.6,25.8,26.2
"205","2021-08-20 14:00",774.74,29.6,29.1,27.8,27.5,25.5,24.6,23.7,23.7,24.2,25.1,25.6,25.8
"206","2021-08-20 15:00",1332.8,29.8,29.6,29.1,27.8,27.5,25.5,24.6,23.7,23.7,24.2,25.1,25.6
"207","2021-08-20 16:00",1428.402,29.6,29.8,29.6,29.1,27.8,27.5,25.5,24.6,23.7,23.7,24.2,25.1
"208","2021-08-21 13:00",1099.6,22.5,23.2,23.4,24.5,25.2,25.3,25.5,25.5,25.4,25,24.8,25.2
"209","2021-08-21 14:00",1393.36,22.2,22.5,23.2,23.4,24.5,25.2,25.3,25.5,25.5,25.4,25,24.8
"210","2021-08-21 15:00",1550.29,22.5,22.2,22.5,23.2,23.4,24.5,25.2,25.3,25.5,25.5,25.4,25
"211","2021-08-21 16:00",1915.42,25.2,22.5,22.2,22.5,23.2,23.4,24.5,25.2,25.3,25.5,25.5,25.4
"212","2021-08-22 13:00",1520.24,26.6,26.1,25.7,25.2,24.4,23.8,23.6,23.7,24,24.1,24.1,24.1
"213","2021-08-22 14:00",1779,27.7,26.6,26.1,25.7,25.2,24.4,23.8,23.6,23.7,24,24.1,24.1
"214","2021-08-22 15:00",1818.72,27.5,27.7,26.6,26.1,25.7,25.2,24.4,23.8,23.6,23.7,24,24.1
"215","2021-08-22 16:00",1398.67,26.9,27.5,27.7,26.6,26.1,25.7,25.2,24.4,23.8,23.6,23.7,24
"216","2021-08-23 13:00",963.86,25.3,24.9,24.5,23.9,23.4,22.9,22.9,22.9,22.7,22.9,23,23.4
"217","2021-08-23 14:00",760.92,25,25.3,24.9,24.5,23.9,23.4,22.9,22.9,22.9,22.7,22.9,23
"218","2021-08-23 15:00",1082.72,24.7,25,25.3,24.9,24.5,23.9,23.4,22.9,22.9,22.9,22.7,22.9
"219","2021-08-23 16:00",1124.49,24.4,24.7,25,25.3,24.9,24.5,23.9,23.4,22.9,22.9,22.9,22.7
"220","2021-08-24 13:00",891.99,25.2,24.8,23.4,23.3,22.8,22.2,21.9,21.8,22.1,22.4,22.3,22.3
"221","2021-08-24 14:00",1177.92,25,25.2,24.8,23.4,23.3,22.8,22.2,21.9,21.8,22.1,22.4,22.3
"222","2021-08-24 15:00",1330.44,25.5,25,25.2,24.8,23.4,23.3,22.8,22.2,21.9,21.8,22.1,22.4
"223","2021-08-24 16:00",1435.42,27.7,25.5,25,25.2,24.8,23.4,23.3,22.8,22.2,21.9,21.8,22.1
"224","2021-08-25 13:00",1206.99,26.1,26.2,25.7,25,24.3,24.1,24.1,24.3,24.5,24.6,24.7,24.9
"225","2021-08-25 14:00",950.54,25.8,26.1,26.2,25.7,25,24.3,24.1,24.1,24.3,24.5,24.6,24.7
"226","2021-08-25 15:00",1073.63,26.5,25.8,26.1,26.2,25.7,25,24.3,24.1,24.1,24.3,24.5,24.6
"227","2021-08-25 16:00",1448.03,27.5,26.5,25.8,26.1,26.2,25.7,25,24.3,24.1,24.1,24.3,24.5
"228","2021-08-26 13:00",1113.66,26.5,26.2,25.8,25.3,24.5,23.6,23.3,23.6,24,24.4,24.1,23.9
"229","2021-08-26 14:00",962.58,26.8,26.5,26.2,25.8,25.3,24.5,23.6,23.3,23.6,24,24.4,24.1
"230","2021-08-26 15:00",1222.49,27.9,26.8,26.5,26.2,25.8,25.3,24.5,23.6,23.3,23.6,24,24.4
"231","2021-08-26 16:00",1344.83,28.7,27.9,26.8,26.5,26.2,25.8,25.3,24.5,23.6,23.3,23.6,24
"232","2021-08-27 13:00",704.89,23.4,23.1,22.9,23.6,24.9,25.3,25.5,25.6,25.8,26,26.1,26.3
"233","2021-08-27 14:00",957.32,23.7,23.4,23.1,22.9,23.6,24.9,25.3,25.5,25.6,25.8,26,26.1
"234","2021-08-27 15:00",1024.82,22.6,23.7,23.4,23.1,22.9,23.6,24.9,25.3,25.5,25.6,25.8,26
"235","2021-08-27 16:00",1642.5,22.2,22.6,23.7,23.4,23.1,22.9,23.6,24.9,25.3,25.5,25.6,25.8
"236","2021-08-28 13:00",1219.48,26.5,24.6,23.3,22.5,21.8,21.1,21,21.3,21.4,21.4,21.3,21.3
"237","2021-08-28 14:00",1423.24,27.8,26.5,24.6,23.3,22.5,21.8,21.1,21,21.3,21.4,21.4,21.3
"238","2021-08-28 15:00",1520.08,28.1,27.8,26.5,24.6,23.3,22.5,21.8,21.1,21,21.3,21.4,21.4
"239","2021-08-28 16:00",1687.83,29.2,28.1,27.8,26.5,24.6,23.3,22.5,21.8,21.1,21,21.3,21.4
"240","2021-08-29 13:00",1390.191,24.9,23.5,22.7,22,21.8,22,23.3,23.4,23.4,23.6,23.8,24.3
"241","2021-08-29 14:00",1505.605,25.4,24.9,23.5,22.7,22,21.8,22,23.3,23.4,23.4,23.6,23.8
"242","2021-08-29 15:00",1763.94,25.7,25.4,24.9,23.5,22.7,22,21.8,22,23.3,23.4,23.4,23.6
"243","2021-08-29 16:00",2056.118,25.9,25.7,25.4,24.9,23.5,22.7,22,21.8,22,23.3,23.4,23.4
"244","2021-08-30 13:00",930.66,26.3,25.8,24.9,24,23.2,22.5,22.4,22.5,22.7,23.3,23.7,23.8
"245","2021-08-30 14:00",1315.5,27.4,26.3,25.8,24.9,24,23.2,22.5,22.4,22.5,22.7,23.3,23.7
"246","2021-08-30 15:00",1378.89,27.9,27.4,26.3,25.8,24.9,24,23.2,22.5,22.4,22.5,22.7,23.3
"247","2021-08-30 16:00",1205.24,28.1,27.9,27.4,26.3,25.8,24.9,24,23.2,22.5,22.4,22.5,22.7
"248","2021-08-31 13:00",913.86,23.8,23.8,23.6,23.2,23,22.8,22.7,22.9,22.9,23.1,23.7,24.1
"249","2021-08-31 14:00",938.84,21.5,23.8,23.8,23.6,23.2,23,22.8,22.7,22.9,22.9,23.1,23.7
"250","2021-08-31 15:00",800.18,20.2,21.5,23.8,23.8,23.6,23.2,23,22.8,22.7,22.9,22.9,23.1
"251","2021-08-31 16:00",1266.78,19.6,20.2,21.5,23.8,23.8,23.6,23.2,23,22.8,22.7,22.9,22.9
